Date,Nombres
2012-01-02,1.0
2012-01-03,4.5
2012-01-04,5.0
2012-01-05,4.25
2012-01-06,4.0
2012-01-07,4.0
2012-01-08,3.5714285714285716
2012-01-09,4.428571428571429
2012-01-10,3.5714285714285716
2012-01-11,4.142857142857143
2012-01-12,4.857142857142857
2012-01-13,6.571428571428571
2012-01-14,6.714285714285714
2012-01-15,6.714285714285714
2012-01-16,7.714285714285714
2012-01-17,8.571428571428571
2012-01-18,8.857142857142858
2012-01-19,9.571428571428571
2012-01-20,8.857142857142858
2012-01-21,8.571428571428571
2012-01-23,9.428571428571429
2012-01-24,8.142857142857142
2012-01-25,7.571428571428571
2012-01-26,6.857142857142857
2012-01-27,6.857142857142857
2012-01-28,6.0
2012-01-29,5.714285714285714
2012-01-30,5.571428571428571
2012-01-31,6.428571428571429
2012-02-01,6.857142857142857
2012-02-02,7.142857142857143
2012-02-03,6.714285714285714
2012-02-04,6.714285714285714
2012-02-06,7.285714285714286
2012-02-07,7.857142857142857
2012-02-08,7.857142857142857
2012-02-09,7.571428571428571
2012-02-10,6.857142857142857
2012-02-11,6.142857142857143
2012-02-12,5.714285714285714
2012-02-13,5.714285714285714
2012-02-14,5.285714285714286
2012-02-15,5.142857142857143
2012-02-16,5.0
2012-02-17,5.0
2012-02-20,4.714285714285714
2012-02-21,5.714285714285714
2012-02-22,6.0
2012-02-23,5.571428571428571
2012-02-24,6.0
2012-02-25,5.857142857142857
2012-02-26,5.857142857142857
2012-02-27,7.285714285714286
2012-02-28,7.571428571428571
2012-02-29,7.857142857142857
2012-03-01,8.428571428571429
2012-03-02,8.0
2012-03-03,8.714285714285714
2012-03-04,8.571428571428571
2012-03-05,7.714285714285714
2012-03-06,7.571428571428571
2012-03-07,7.285714285714286
2012-03-08,7.428571428571429
2012-03-09,6.714285714285714
2012-03-10,5.714285714285714
2012-03-12,6.428571428571429
2012-03-13,6.285714285714286
2012-03-14,5.571428571428571
2012-03-15,4.857142857142857
2012-03-16,5.0
2012-03-17,4.428571428571429
2012-03-18,4.571428571428571
2012-03-19,4.857142857142857
2012-03-20,4.714285714285714
2012-03-21,5.714285714285714
2012-03-22,6.142857142857143
2012-03-23,6.285714285714286
2012-03-24,6.571428571428571
2012-03-25,6.428571428571429
2012-03-26,5.571428571428571
2012-03-27,5.714285714285714
2012-03-28,5.142857142857143
2012-03-29,5.142857142857143
2012-03-30,4.285714285714286
2012-03-31,4.428571428571429
2012-04-01,4.714285714285714
2012-04-02,5.428571428571429
2012-04-03,5.857142857142857
2012-04-04,5.428571428571429
2012-04-05,6.0
2012-04-06,5.857142857142857
2012-04-07,5.571428571428571
2012-04-09,5.428571428571429
2012-04-10,4.428571428571429
2012-04-11,3.857142857142857
2012-04-12,4.0
2012-04-13,3.2857142857142856
2012-04-14,3.142857142857143
2012-04-16,3.857142857142857
2012-04-17,3.857142857142857
2012-04-18,4.285714285714286
2012-04-19,4.428571428571429
2012-04-20,4.857142857142857
2012-04-21,4.571428571428571
2012-04-22,4.285714285714286
2012-04-23,3.7142857142857144
2012-04-24,4.285714285714286
2012-04-25,4.428571428571429
2012-04-26,5.0
2012-04-27,5.142857142857143
2012-04-28,5.285714285714286
2012-04-29,5.285714285714286
2012-04-30,6.285714285714286
2012-05-01,6.428571428571429
2012-05-02,6.0
2012-05-03,5.0
2012-05-04,4.428571428571429
2012-05-05,4.285714285714286
2012-05-06,4.428571428571429
2012-05-07,4.285714285714286
2012-05-08,4.428571428571429
2012-05-09,5.142857142857143
2012-05-10,5.857142857142857
2012-05-11,5.714285714285714
2012-05-12,5.714285714285714
2012-05-13,5.714285714285714
2012-05-14,5.714285714285714
2012-05-15,6.0
2012-05-16,5.142857142857143
2012-05-17,5.0
2012-05-18,5.285714285714286
2012-05-20,5.285714285714286
2012-05-21,5.285714285714286
2012-05-22,5.714285714285714
2012-05-23,5.428571428571429
2012-05-24,6.714285714285714
2012-05-25,7.285714285714286
2012-05-26,7.0
2012-05-28,7.428571428571429
2012-05-29,8.285714285714286
2012-05-30,8.142857142857142
2012-05-31,8.285714285714286
2012-06-01,8.0
2012-06-02,7.142857142857143
2012-06-04,7.714285714285714
2012-06-05,8.571428571428571
2012-06-06,8.285714285714286
2012-06-07,8.0
2012-06-08,7.714285714285714
2012-06-09,7.0
2012-06-10,6.714285714285714
2012-06-11,7.0
2012-06-12,6.285714285714286
2012-06-13,6.142857142857143
2012-06-14,6.714285714285714
2012-06-15,6.428571428571429
2012-06-16,6.428571428571429
2012-06-17,6.285714285714286
2012-06-18,5.714285714285714
2012-06-19,6.285714285714286
2012-06-20,7.285714285714286
2012-06-21,7.285714285714286
2012-06-22,7.714285714285714
2012-06-23,8.142857142857142
2012-06-24,8.285714285714286
2012-06-25,7.714285714285714
2012-06-26,8.0
2012-06-27,7.857142857142857
2012-06-28,7.714285714285714
2012-06-29,8.142857142857142
2012-06-30,7.428571428571429
2012-07-01,7.714285714285714
2012-07-02,7.857142857142857
2012-07-03,7.428571428571429
2012-07-04,7.285714285714286
2012-07-05,6.571428571428571
2012-07-06,6.857142857142857
2012-07-07,6.857142857142857
2012-07-08,6.428571428571429
2012-07-09,6.857142857142857
2012-07-10,7.714285714285714
2012-07-11,7.142857142857143
2012-07-12,7.571428571428571
2012-07-13,6.285714285714286
2012-07-14,6.142857142857143
2012-07-16,6.857142857142857
2012-07-17,6.714285714285714
2012-07-18,6.428571428571429
2012-07-19,6.714285714285714
2012-07-20,6.0
2012-07-21,5.714285714285714
2012-07-23,6.571428571428571
2012-07-24,7.0
2012-07-25,7.0
2012-07-26,5.714285714285714
2012-07-27,6.285714285714286
2012-07-28,6.142857142857143
2012-07-29,6.285714285714286
2012-07-30,6.285714285714286
2012-07-31,6.0
2012-08-01,6.142857142857143
2012-08-02,6.428571428571429
2012-08-03,5.0
2012-08-04,4.571428571428571
2012-08-06,5.0
2012-08-07,4.571428571428571
2012-08-08,4.857142857142857
2012-08-09,4.428571428571429
2012-08-10,4.857142857142857
2012-08-11,4.714285714285714
2012-08-12,5.0
2012-08-13,5.0
2012-08-14,5.857142857142857
2012-08-15,4.857142857142857
2012-08-16,5.285714285714286
2012-08-17,4.285714285714286
2012-08-18,4.285714285714286
2012-08-19,4.285714285714286
2012-08-20,4.428571428571429
2012-08-21,4.0
2012-08-22,5.285714285714286
2012-08-23,5.571428571428571
2012-08-24,6.714285714285714
2012-08-25,6.857142857142857
2012-08-26,6.857142857142857
2012-08-27,7.285714285714286
2012-08-28,7.428571428571429
2012-08-29,7.285714285714286
2012-08-30,7.0
2012-08-31,7.142857142857143
2012-09-01,7.285714285714286
2012-09-02,7.285714285714286
2012-09-03,6.428571428571429
2012-09-04,5.714285714285714
2012-09-05,6.0
2012-09-06,6.142857142857143
2012-09-07,6.142857142857143
2012-09-08,5.857142857142857
2012-09-09,5.571428571428571
2012-09-10,7.857142857142857
2012-09-11,8.285714285714286
2012-09-12,8.285714285714286
2012-09-13,8.571428571428571
2012-09-14,8.857142857142858
2012-09-15,9.142857142857142
2012-09-16,9.285714285714286
2012-09-17,7.571428571428571
2012-09-18,7.428571428571429
2012-09-19,6.857142857142857
2012-09-20,7.714285714285714
2012-09-21,7.142857142857143
2012-09-22,7.428571428571429
2012-09-23,7.285714285714286
2012-09-24,8.142857142857142
2012-09-25,8.142857142857142
2012-09-26,8.428571428571429
2012-09-27,8.285714285714286
2012-09-28,7.857142857142857
2012-09-29,7.285714285714286
2012-09-30,7.428571428571429
2012-10-01,6.0
2012-10-02,6.285714285714286
2012-10-03,6.142857142857143
2012-10-04,5.571428571428571
2012-10-05,5.857142857142857
2012-10-06,6.0
2012-10-07,6.0
2012-10-08,5.714285714285714
2012-10-09,6.0
2012-10-10,5.857142857142857
2012-10-11,5.428571428571429
2012-10-12,5.428571428571429
2012-10-13,5.428571428571429
2012-10-14,5.428571428571429
2012-10-15,6.428571428571429
2012-10-16,6.428571428571429
2012-10-17,6.857142857142857
2012-10-18,6.571428571428571
2012-10-19,7.0
2012-10-20,7.142857142857143
2012-10-21,7.0
2012-10-22,7.0
2012-10-23,6.714285714285714
2012-10-24,6.714285714285714
2012-10-25,7.285714285714286
2012-10-26,6.571428571428571
2012-10-27,6.428571428571429
2012-10-28,6.428571428571429
2012-10-29,5.571428571428571
2012-10-30,5.571428571428571
2012-10-31,5.0
2012-11-01,4.714285714285714
2012-11-02,4.571428571428571
2012-11-03,4.714285714285714
2012-11-05,6.0
2012-11-06,6.714285714285714
2012-11-07,6.714285714285714
2012-11-08,6.428571428571429
2012-11-09,6.428571428571429
2012-11-10,6.285714285714286
2012-11-12,7.285714285714286
2012-11-13,7.285714285714286
2012-11-14,7.571428571428571
2012-11-15,7.714285714285714
2012-11-16,8.571428571428571
2012-11-17,8.0
2012-11-18,8.142857142857142
2012-11-19,7.714285714285714
2012-11-20,8.714285714285714
2012-11-21,8.428571428571429
2012-11-22,8.714285714285714
2012-11-23,8.0
2012-11-24,8.0
2012-11-25,7.571428571428571
2012-11-26,7.714285714285714
2012-11-27,7.285714285714286
2012-11-28,7.142857142857143
2012-11-29,7.714285714285714
2012-11-30,8.142857142857142
2012-12-01,7.857142857142857
2012-12-03,8.428571428571429
2012-12-04,8.714285714285714
2012-12-05,7.714285714285714
2012-12-06,7.714285714285714
2012-12-07,6.714285714285714
2012-12-08,6.142857142857143
2012-12-09,6.285714285714286
2012-12-10,6.285714285714286
2012-12-11,5.857142857142857
2012-12-12,6.428571428571429
2012-12-13,6.714285714285714
2012-12-14,7.142857142857143
2012-12-15,7.142857142857143
2012-12-16,7.0
2012-12-17,7.142857142857143
2012-12-18,7.714285714285714
2012-12-19,8.142857142857142
2012-12-20,7.857142857142857
2012-12-21,7.571428571428571
2012-12-22,7.571428571428571
2012-12-23,7.857142857142857
2012-12-24,7.142857142857143
2012-12-26,6.0
2012-12-27,6.857142857142857
2012-12-28,7.285714285714286
2012-12-29,7.714285714285714
2012-12-30,7.857142857142857
2012-12-31,8.142857142857142
2013-01-02,8.571428571428571
2013-01-03,9.714285714285714
2013-01-04,9.142857142857142
2013-01-05,8.428571428571429
2013-01-06,7.142857142857143
2013-01-07,8.142857142857142
2013-01-08,8.857142857142858
2013-01-09,8.857142857142858
2013-01-10,8.714285714285714
2013-01-11,7.428571428571429
2013-01-12,7.0
2013-01-14,8.285714285714286
2013-01-15,7.0
2013-01-16,6.428571428571429
2013-01-17,7.0
2013-01-18,6.142857142857143
2013-01-19,5.857142857142857
2013-01-20,6.0
2013-01-21,6.428571428571429
2013-01-22,7.428571428571429
2013-01-23,7.571428571428571
2013-01-24,6.857142857142857
2013-01-25,7.142857142857143
2013-01-27,6.571428571428571
2013-01-28,6.714285714285714
2013-01-29,5.428571428571429
2013-01-30,4.857142857142857
2013-01-31,5.142857142857143
2013-02-01,5.571428571428571
2013-02-02,4.857142857142857
2013-02-04,5.428571428571429
2013-02-05,5.428571428571429
2013-02-06,5.857142857142857
2013-02-07,5.571428571428571
2013-02-08,6.571428571428571
2013-02-09,6.142857142857143
2013-02-10,6.285714285714286
2013-02-11,6.428571428571429
2013-02-12,7.142857142857143
2013-02-13,7.0
2013-02-14,7.0
2013-02-15,5.571428571428571
2013-02-16,5.142857142857143
2013-02-18,5.714285714285714
2013-02-19,5.285714285714286
2013-02-20,5.285714285714286
2013-02-21,5.857142857142857
2013-02-22,6.571428571428571
2013-02-23,5.857142857142857
2013-02-24,6.285714285714286
2013-02-25,5.571428571428571
2013-02-26,6.428571428571429
2013-02-27,6.571428571428571
2013-02-28,6.0
2013-03-01,5.714285714285714
2013-03-02,6.857142857142857
2013-03-04,7.285714285714286
2013-03-05,8.142857142857142
2013-03-06,7.857142857142857
2013-03-07,7.428571428571429
2013-03-08,7.0
2013-03-09,6.428571428571429
2013-03-10,5.285714285714286
2013-03-11,5.285714285714286
2013-03-12,4.857142857142857
2013-03-13,5.142857142857143
2013-03-14,4.857142857142857
2013-03-15,5.285714285714286
2013-03-17,5.0
2013-03-18,5.571428571428571
2013-03-19,6.714285714285714
2013-03-20,8.428571428571429
2013-03-21,9.571428571428571
2013-03-22,10.428571428571429
2013-03-23,9.857142857142858
2013-03-25,10.0
2013-03-26,9.857142857142858
2013-03-27,8.142857142857142
2013-03-28,7.0
2013-03-29,4.714285714285714
2013-03-30,3.4285714285714284
2013-03-31,3.142857142857143
2013-04-01,3.0
2013-04-02,3.142857142857143
2013-04-03,3.5714285714285716
2013-04-04,3.2857142857142856
2013-04-05,4.285714285714286
2013-04-06,4.142857142857143
2013-04-07,4.285714285714286
2013-04-08,4.857142857142857
2013-04-09,5.285714285714286
2013-04-10,5.142857142857143
2013-04-11,5.142857142857143
2013-04-12,4.857142857142857
2013-04-13,4.857142857142857
2013-04-14,4.714285714285714
2013-04-15,4.428571428571429
2013-04-16,4.285714285714286
2013-04-17,4.571428571428571
2013-04-18,4.714285714285714
2013-04-19,4.714285714285714
2013-04-20,4.714285714285714
2013-04-22,5.428571428571429
2013-04-23,5.428571428571429
2013-04-24,5.0
2013-04-25,5.714285714285714
2013-04-26,5.571428571428571
2013-04-27,4.857142857142857
2013-04-28,4.857142857142857
2013-04-29,4.428571428571429
2013-04-30,4.714285714285714
2013-05-01,5.285714285714286
2013-05-02,4.285714285714286
2013-05-03,4.0
2013-05-04,4.428571428571429
2013-05-05,4.571428571428571
2013-05-06,5.428571428571429
2013-05-07,6.285714285714286
2013-05-08,6.0
2013-05-09,6.857142857142857
2013-05-10,7.142857142857143
2013-05-11,7.0
2013-05-12,6.857142857142857
2013-05-13,6.428571428571429
2013-05-14,5.714285714285714
2013-05-15,6.428571428571429
2013-05-16,6.285714285714286
2013-05-17,6.714285714285714
2013-05-18,6.714285714285714
2013-05-19,7.142857142857143
2013-05-20,6.714285714285714
2013-05-21,7.285714285714286
2013-05-22,6.571428571428571
2013-05-23,6.142857142857143
2013-05-24,5.571428571428571
2013-05-25,5.285714285714286
2013-05-26,4.857142857142857
2013-05-27,5.285714285714286
2013-05-28,5.142857142857143
2013-05-29,5.428571428571429
2013-05-30,5.571428571428571
2013-05-31,6.571428571428571
2013-06-01,6.857142857142857
2013-06-02,7.285714285714286
2013-06-03,8.0
2013-06-04,8.428571428571429
2013-06-05,8.0
2013-06-06,8.428571428571429
2013-06-07,7.571428571428571
2013-06-08,7.285714285714286
2013-06-10,8.285714285714286
2013-06-11,8.142857142857142
2013-06-12,7.714285714285714
2013-06-13,9.142857142857142
2013-06-14,9.142857142857142
2013-06-15,8.571428571428571
2013-06-16,8.571428571428571
2013-06-17,8.571428571428571
2013-06-18,7.714285714285714
2013-06-19,7.428571428571429
2013-06-20,6.142857142857143
2013-06-21,5.285714285714286
2013-06-22,5.428571428571429
2013-06-23,5.714285714285714
2013-06-25,5.857142857142857
2013-06-26,6.428571428571429
2013-06-27,6.571428571428571
2013-06-28,8.0
2013-06-29,7.571428571428571
2013-06-30,7.714285714285714
2013-07-01,8.285714285714286
2013-07-02,8.428571428571429
2013-07-03,9.285714285714286
2013-07-04,9.285714285714286
2013-07-05,7.714285714285714
2013-07-06,7.714285714285714
2013-07-07,7.571428571428571
2013-07-08,7.428571428571429
2013-07-09,7.571428571428571
2013-07-10,7.142857142857143
2013-07-11,7.571428571428571
2013-07-12,9.0
2013-07-13,9.142857142857142
2013-07-14,9.0
2013-07-15,9.285714285714286
2013-07-16,8.142857142857142
2013-07-17,8.0
2013-07-18,7.714285714285714
2013-07-19,6.428571428571429
2013-07-20,6.285714285714286
2013-07-22,7.0
2013-07-23,7.571428571428571
2013-07-24,7.428571428571429
2013-07-25,7.142857142857143
2013-07-26,6.285714285714286
2013-07-27,5.714285714285714
2013-07-28,5.571428571428571
2013-07-29,5.428571428571429
2013-07-30,4.714285714285714
2013-07-31,4.714285714285714
2013-08-01,4.142857142857143
2013-08-02,4.0
2013-08-03,3.857142857142857
2013-08-04,4.0
2013-08-05,4.428571428571429
2013-08-06,4.857142857142857
2013-08-07,5.285714285714286
2013-08-08,6.142857142857143
2013-08-09,6.714285714285714
2013-08-11,6.857142857142857
2013-08-12,7.0
2013-08-13,7.428571428571429
2013-08-14,7.142857142857143
2013-08-15,7.714285714285714
2013-08-16,7.571428571428571
2013-08-17,7.142857142857143
2013-08-18,7.142857142857143
2013-08-19,8.714285714285714
2013-08-20,7.285714285714286
2013-08-21,7.0
2013-08-22,6.0
2013-08-23,5.714285714285714
2013-08-24,5.428571428571429
2013-08-25,5.285714285714286
2013-08-26,4.285714285714286
2013-08-27,5.0
2013-08-28,5.571428571428571
2013-08-29,6.428571428571429
2013-08-30,7.142857142857143
2013-08-31,7.857142857142857
2013-09-01,8.0
2013-09-02,7.285714285714286
2013-09-03,7.571428571428571
2013-09-04,8.0
2013-09-05,8.0
2013-09-06,6.857142857142857
2013-09-07,6.285714285714286
2013-09-08,6.428571428571429
2013-09-09,7.142857142857143
2013-09-10,6.571428571428571
2013-09-11,6.142857142857143
2013-09-12,5.857142857142857
2013-09-13,7.0
2013-09-14,7.428571428571429
2013-09-15,7.285714285714286
2013-09-16,8.428571428571429
2013-09-17,9.0
2013-09-18,9.714285714285714
2013-09-19,9.571428571428571
2013-09-20,9.285714285714286
2013-09-21,8.571428571428571
2013-09-22,8.714285714285714
2013-09-23,8.285714285714286
2013-09-24,7.714285714285714
2013-09-25,6.428571428571429
2013-09-26,5.857142857142857
2013-09-27,5.857142857142857
2013-09-28,6.0
2013-09-30,7.285714285714286
2013-10-01,6.428571428571429
2013-10-02,7.428571428571429
2013-10-03,8.0
2013-10-04,9.0
2013-10-05,7.857142857142857
2013-10-07,8.571428571428571
2013-10-08,8.714285714285714
2013-10-09,9.142857142857142
2013-10-10,9.428571428571429
2013-10-11,9.142857142857142
2013-10-12,7.857142857142857
2013-10-13,7.714285714285714
2013-10-15,8.0
2013-10-16,7.142857142857143
2013-10-17,7.285714285714286
2013-10-18,6.857142857142857
2013-10-19,6.0
2013-10-20,6.0
2013-10-21,7.714285714285714
2013-10-22,8.285714285714286
2013-10-23,9.142857142857142
2013-10-24,8.428571428571429
2013-10-25,7.857142857142857
2013-10-26,7.857142857142857
2013-10-27,7.857142857142857
2013-10-28,7.428571428571429
2013-10-29,6.428571428571429
2013-10-30,5.857142857142857
2013-10-31,6.142857142857143
2013-11-01,6.0
2013-11-02,6.142857142857143
2013-11-03,6.428571428571429
2013-11-04,6.571428571428571
2013-11-05,7.428571428571429
2013-11-06,6.714285714285714
2013-11-07,6.428571428571429
2013-11-08,6.857142857142857
2013-11-10,7.142857142857143
2013-11-11,8.0
2013-11-12,7.571428571428571
2013-11-13,6.714285714285714
2013-11-14,7.0
2013-11-15,7.857142857142857
2013-11-16,7.285714285714286
2013-11-18,7.571428571428571
2013-11-19,7.285714285714286
2013-11-20,7.0
2013-11-21,6.714285714285714
2013-11-22,7.285714285714286
2013-11-24,6.0
2013-11-25,6.285714285714286
2013-11-26,6.428571428571429
2013-11-27,6.571428571428571
2013-11-28,7.428571428571429
2013-11-29,8.428571428571429
2013-12-02,8.571428571428571
2013-12-03,9.0
2013-12-04,8.428571428571429
2013-12-05,8.857142857142858
2013-12-06,8.142857142857142
2013-12-07,6.857142857142857
2013-12-08,5.714285714285714
2013-12-09,5.428571428571429
2013-12-10,5.857142857142857
2013-12-11,6.142857142857143
2013-12-12,5.571428571428571
2013-12-13,6.142857142857143
2013-12-14,6.285714285714286
2013-12-15,6.285714285714286
2013-12-16,7.571428571428571
2013-12-17,9.285714285714286
2013-12-18,10.571428571428571
2013-12-19,11.571428571428571
2013-12-20,12.571428571428571
2013-12-21,12.142857142857142
2013-12-22,12.857142857142858
2013-12-23,12.714285714285714
2013-12-24,11.428571428571429
2013-12-25,9.714285714285714
2013-12-26,8.714285714285714
2013-12-27,7.857142857142857
2013-12-28,8.857142857142858
2013-12-29,7.857142857142857
2013-12-30,6.142857142857143
2013-12-31,4.857142857142857
2014-01-01,4.714285714285714
2014-01-02,4.0
2014-01-03,4.285714285714286
2014-01-04,3.2857142857142856
2014-01-05,3.2857142857142856
2014-01-06,4.857142857142857
2014-01-07,5.714285714285714
2014-01-08,6.285714285714286
2014-01-09,7.142857142857143
2014-01-10,6.142857142857143
2014-01-11,6.714285714285714
2014-01-12,6.714285714285714
2014-01-13,4.857142857142857
2014-01-14,4.285714285714286
2014-01-15,4.714285714285714
2014-01-16,4.0
2014-01-17,4.571428571428571
2014-01-18,4.0
2014-01-20,5.571428571428571
2014-01-21,6.142857142857143
2014-01-22,6.857142857142857
2014-01-23,7.0
2014-01-24,7.428571428571429
2014-01-25,6.714285714285714
2014-01-26,7.142857142857143
2014-01-27,7.0
2014-01-28,7.0
2014-01-29,6.428571428571429
2014-01-30,6.0
2014-01-31,6.0
2014-02-01,6.142857142857143
2014-02-03,6.428571428571429
2014-02-04,5.857142857142857
2014-02-05,6.0
2014-02-06,6.428571428571429
2014-02-07,6.857142857142857
2014-02-09,6.285714285714286
2014-02-10,6.428571428571429
2014-02-11,6.571428571428571
2014-02-12,6.714285714285714
2014-02-13,7.0
2014-02-14,6.857142857142857
2014-02-15,6.142857142857143
2014-02-16,6.428571428571429
2014-02-17,7.714285714285714
2014-02-18,8.0
2014-02-19,7.571428571428571
2014-02-20,7.142857142857143
2014-02-21,6.714285714285714
2014-02-22,6.285714285714286
2014-02-23,5.857142857142857
2014-02-24,4.571428571428571
2014-02-25,3.5714285714285716
2014-02-26,3.4285714285714284
2014-02-27,3.142857142857143
2014-02-28,3.5714285714285716
2014-03-01,3.7142857142857144
2014-03-03,4.0
2014-03-04,4.142857142857143
2014-03-05,4.428571428571429
2014-03-06,4.428571428571429
2014-03-07,4.142857142857143
2014-03-08,3.4285714285714284
2014-03-10,4.142857142857143
2014-03-11,4.571428571428571
2014-03-12,5.142857142857143
2014-03-13,6.857142857142857
2014-03-14,7.571428571428571
2014-03-16,7.428571428571429
2014-03-17,7.857142857142857
2014-03-18,7.714285714285714
2014-03-19,7.0
2014-03-20,6.428571428571429
2014-03-21,4.714285714285714
2014-03-22,3.7142857142857144
2014-03-23,3.5714285714285716
2014-03-24,4.714285714285714
2014-03-25,5.0
2014-03-26,5.428571428571429
2014-03-27,5.0
2014-03-28,5.857142857142857
2014-03-30,5.857142857142857
2014-03-31,6.714285714285714
2014-04-01,6.0
2014-04-02,6.714285714285714
2014-04-03,7.0
2014-04-04,7.857142857142857
2014-04-06,6.857142857142857
2014-04-07,7.142857142857143
2014-04-08,6.428571428571429
2014-04-09,6.857142857142857
2014-04-11,6.428571428571429
2014-04-12,5.857142857142857
2014-04-13,4.857142857142857
2014-04-14,5.142857142857143
2014-04-15,5.285714285714286
2014-04-16,5.714285714285714
2014-04-17,5.0
2014-04-18,4.0
2014-04-19,3.857142857142857
2014-04-21,3.7142857142857144
2014-04-22,3.5714285714285716
2014-04-23,4.0
2014-04-24,4.0
2014-04-25,4.571428571428571
2014-04-26,4.285714285714286
2014-04-27,4.285714285714286
2014-04-28,4.714285714285714
2014-04-29,4.714285714285714
2014-04-30,4.571428571428571
2014-05-01,6.0
2014-05-02,5.285714285714286
2014-05-03,5.285714285714286
2014-05-04,5.428571428571429
2014-05-05,5.857142857142857
2014-05-06,6.428571428571429
2014-05-07,6.571428571428571
2014-05-08,5.285714285714286
2014-05-09,4.857142857142857
2014-05-10,5.142857142857143
2014-05-12,5.428571428571429
2014-05-13,5.571428571428571
2014-05-14,6.142857142857143
2014-05-15,6.857142857142857
2014-05-16,6.857142857142857
2014-05-17,7.142857142857143
2014-05-18,6.857142857142857
2014-05-19,6.428571428571429
2014-05-20,6.428571428571429
2014-05-21,6.285714285714286
2014-05-22,6.142857142857143
2014-05-23,6.571428571428571
2014-05-24,6.714285714285714
2014-05-25,6.714285714285714
2014-05-26,7.714285714285714
2014-05-27,7.142857142857143
2014-05-28,7.142857142857143
2014-05-29,6.857142857142857
2014-05-30,6.714285714285714
2014-05-31,6.142857142857143
2014-06-01,6.428571428571429
2014-06-02,7.142857142857143
2014-06-03,8.571428571428571
2014-06-04,8.142857142857142
2014-06-05,7.714285714285714
2014-06-06,7.571428571428571
2014-06-07,8.0
2014-06-08,7.857142857142857
2014-06-09,6.571428571428571
2014-06-10,6.142857142857143
2014-06-11,6.571428571428571
2014-06-12,6.571428571428571
2014-06-13,6.571428571428571
2014-06-14,6.285714285714286
2014-06-15,6.428571428571429
2014-06-16,7.428571428571429
2014-06-17,6.571428571428571
2014-06-18,6.0
2014-06-19,6.428571428571429
2014-06-20,6.571428571428571
2014-06-21,7.142857142857143
2014-06-22,6.857142857142857
2014-06-23,6.142857142857143
2014-06-24,5.857142857142857
2014-06-25,6.142857142857143
2014-06-26,5.857142857142857
2014-06-27,5.857142857142857
2014-06-28,5.428571428571429
2014-06-29,5.714285714285714
2014-06-30,6.285714285714286
2014-07-01,6.857142857142857
2014-07-02,7.142857142857143
2014-07-03,7.571428571428571
2014-07-04,7.142857142857143
2014-07-05,7.0
2014-07-07,8.142857142857142
2014-07-08,7.857142857142857
2014-07-09,8.0
2014-07-10,7.428571428571429
2014-07-11,7.428571428571429
2014-07-12,7.285714285714286
2014-07-13,7.142857142857143
2014-07-14,6.714285714285714
2014-07-15,6.857142857142857
2014-07-16,6.571428571428571
2014-07-17,6.714285714285714
2014-07-18,6.571428571428571
2014-07-20,6.142857142857143
2014-07-21,7.428571428571429
2014-07-22,6.857142857142857
2014-07-23,6.571428571428571
2014-07-24,6.142857142857143
2014-07-25,5.857142857142857
2014-07-26,4.571428571428571
2014-07-27,4.714285714285714
2014-07-28,3.7142857142857144
2014-07-29,3.2857142857142856
2014-07-30,2.857142857142857
2014-07-31,3.2857142857142856
2014-08-01,2.857142857142857
2014-08-02,3.5714285714285716
2014-08-04,4.142857142857143
2014-08-05,4.428571428571429
2014-08-06,5.142857142857143
2014-08-07,5.714285714285714
2014-08-08,5.857142857142857
2014-08-09,5.857142857142857
2014-08-10,5.285714285714286
2014-08-11,5.571428571428571
2014-08-12,5.285714285714286
2014-08-13,5.428571428571429
2014-08-14,4.857142857142857
2014-08-15,4.714285714285714
2014-08-17,4.428571428571429
2014-08-18,4.714285714285714
2014-08-19,4.714285714285714
2014-08-20,5.714285714285714
2014-08-21,5.571428571428571
2014-08-22,5.571428571428571
2014-08-25,7.0
2014-08-26,8.142857142857142
2014-08-27,8.857142857142858
2014-08-28,9.571428571428571
2014-08-29,9.571428571428571
2014-08-30,9.0
2014-08-31,9.0
2014-09-01,6.857142857142857
2014-09-02,7.571428571428571
2014-09-03,7.285714285714286
2014-09-04,6.285714285714286
2014-09-05,5.857142857142857
2014-09-06,5.714285714285714
2014-09-07,5.428571428571429
2014-09-08,6.285714285714286
2014-09-09,5.571428571428571
2014-09-10,5.714285714285714
2014-09-11,5.571428571428571
2014-09-12,5.857142857142857
2014-09-13,5.857142857142857
2014-09-14,5.714285714285714
2014-09-15,5.857142857142857
2014-09-16,6.428571428571429
2014-09-17,6.428571428571429
2014-09-18,6.428571428571429
2014-09-19,6.571428571428571
2014-09-20,6.714285714285714
2014-09-21,6.714285714285714
2014-09-22,6.714285714285714
2014-09-23,5.571428571428571
2014-09-24,5.285714285714286
2014-09-25,5.857142857142857
2014-09-26,5.428571428571429
2014-09-27,5.571428571428571
2014-09-28,5.857142857142857
2014-09-29,5.142857142857143
2014-09-30,5.142857142857143
2014-10-01,5.142857142857143
2014-10-02,4.857142857142857
2014-10-03,5.285714285714286
2014-10-04,5.428571428571429
2014-10-06,6.142857142857143
2014-10-07,6.428571428571429
2014-10-08,6.571428571428571
2014-10-09,7.142857142857143
2014-10-10,6.571428571428571
2014-10-11,5.571428571428571
2014-10-12,5.142857142857143
2014-10-14,4.714285714285714
2014-10-15,5.428571428571429
2014-10-16,5.714285714285714
2014-10-17,5.571428571428571
2014-10-18,5.571428571428571
2014-10-19,5.714285714285714
2014-10-20,6.285714285714286
2014-10-21,6.285714285714286
2014-10-22,6.428571428571429
2014-10-23,6.428571428571429
2014-10-24,6.285714285714286
2014-10-25,6.142857142857143
2014-10-26,6.0
2014-10-27,6.0
2014-10-28,7.428571428571429
2014-10-29,7.142857142857143
2014-10-30,7.714285714285714
2014-10-31,7.571428571428571
2014-11-01,7.571428571428571
2014-11-03,8.0
2014-11-04,8.428571428571429
2014-11-05,7.142857142857143
2014-11-06,7.285714285714286
2014-11-07,6.571428571428571
2014-11-08,5.857142857142857
2014-11-10,5.714285714285714
2014-11-11,6.428571428571429
2014-11-12,7.0
2014-11-13,7.285714285714286
2014-11-14,6.714285714285714
2014-11-15,6.285714285714286
2014-11-16,6.142857142857143
2014-11-17,7.142857142857143
2014-11-18,6.285714285714286
2014-11-19,5.285714285714286
2014-11-20,5.142857142857143
2014-11-21,5.428571428571429
2014-11-23,5.142857142857143
2014-11-24,6.714285714285714
2014-11-25,6.142857142857143
2014-11-26,5.714285714285714
2014-11-27,5.857142857142857
2014-11-28,6.285714285714286
2014-11-29,5.714285714285714
2014-11-30,5.571428571428571
2014-12-01,4.857142857142857
2014-12-02,4.857142857142857
2014-12-03,5.428571428571429
2014-12-04,6.142857142857143
2014-12-05,5.857142857142857
2014-12-06,5.714285714285714
2014-12-08,6.428571428571429
2014-12-09,6.857142857142857
2014-12-10,8.142857142857142
2014-12-11,9.428571428571429
2014-12-12,10.285714285714286
2014-12-13,9.428571428571429
2014-12-14,9.571428571428571
2014-12-15,9.571428571428571
2014-12-16,9.571428571428571
2014-12-17,9.142857142857142
2014-12-18,8.285714285714286
2014-12-19,6.428571428571429
2014-12-20,6.285714285714286
2014-12-22,6.0
2014-12-23,5.571428571428571
2014-12-24,4.857142857142857
2014-12-27,3.5714285714285716
2014-12-29,2.4285714285714284
2014-12-30,2.142857142857143
2014-12-31,2.4285714285714284
2015-01-03,2.4285714285714284
2015-01-04,2.4285714285714284
2015-01-05,4.0
2015-01-06,6.0
2015-01-07,8.142857142857142
2015-01-08,9.428571428571429
2015-01-09,10.285714285714286
2015-01-10,10.142857142857142
2015-01-11,10.0
2015-01-12,9.285714285714286
2015-01-13,8.571428571428571
2015-01-14,7.571428571428571
2015-01-15,7.285714285714286
2015-01-16,7.142857142857143
2015-01-17,7.571428571428571
2015-01-18,7.714285714285714
2015-01-19,7.571428571428571
2015-01-20,8.0
2015-01-21,8.142857142857142
2015-01-22,7.857142857142857
2015-01-23,7.714285714285714
2015-01-25,7.428571428571429
2015-01-26,8.285714285714286
2015-01-27,7.428571428571429
2015-01-28,5.857142857142857
2015-01-29,5.285714285714286
2015-01-30,5.571428571428571
2015-01-31,4.857142857142857
2015-02-01,5.0
2015-02-02,4.714285714285714
2015-02-03,5.285714285714286
2015-02-04,5.714285714285714
2015-02-05,6.428571428571429
2015-02-06,6.714285714285714
2015-02-07,6.714285714285714
2015-02-08,6.714285714285714
2015-02-09,8.142857142857142
2015-02-10,8.571428571428571
2015-02-11,8.857142857142858
2015-02-12,8.857142857142858
2015-02-13,8.142857142857142
2015-02-14,8.571428571428571
2015-02-15,8.428571428571429
2015-02-16,7.428571428571429
2015-02-17,6.714285714285714
2015-02-18,6.714285714285714
2015-02-19,6.285714285714286
2015-02-20,7.142857142857143
2015-02-21,6.571428571428571
2015-02-22,6.714285714285714
2015-02-23,7.571428571428571
2015-02-24,8.0
2015-02-25,7.857142857142857
2015-02-26,7.714285714285714
2015-02-27,6.714285714285714
2015-02-28,7.0
2015-03-03,7.714285714285714
2015-03-04,6.0
2015-03-05,6.0
2015-03-06,6.142857142857143
2015-03-07,5.714285714285714
2015-03-09,6.142857142857143
2015-03-10,6.428571428571429
2015-03-11,5.714285714285714
2015-03-12,6.0
2015-03-13,5.428571428571429
2015-03-14,4.571428571428571
2015-03-15,4.142857142857143
2015-03-16,3.857142857142857
2015-03-17,4.0
2015-03-18,5.428571428571429
2015-03-19,5.857142857142857
2015-03-20,5.714285714285714
2015-03-23,6.142857142857143
2015-03-24,7.0
2015-03-25,6.857142857142857
2015-03-26,6.428571428571429
2015-03-27,5.714285714285714
2015-03-28,4.571428571428571
2015-03-29,4.142857142857143
2015-03-30,4.0
2015-03-31,4.142857142857143
2015-04-01,4.0
2015-04-02,4.285714285714286
2015-04-03,3.4285714285714284
2015-04-04,3.7142857142857144
2015-04-05,3.7142857142857144
2015-04-06,4.0
2015-04-07,3.7142857142857144
2015-04-08,4.142857142857143
2015-04-09,4.0
2015-04-10,4.285714285714286
2015-04-11,4.285714285714286
2015-04-12,4.285714285714286
2015-04-13,4.285714285714286
2015-04-14,4.428571428571429
2015-04-15,5.428571428571429
2015-04-16,6.0
2015-04-17,6.0
2015-04-18,6.0
2015-04-19,6.0
2015-04-20,5.428571428571429
2015-04-21,5.285714285714286
2015-04-22,4.428571428571429
2015-04-23,4.142857142857143
2015-04-24,4.285714285714286
2015-04-25,4.571428571428571
2015-04-26,4.714285714285714
2015-04-27,6.0
2015-04-28,6.571428571428571
2015-04-29,6.0
2015-04-30,6.285714285714286
2015-05-01,6.714285714285714
2015-05-03,6.428571428571429
2015-05-04,7.714285714285714
2015-05-05,6.571428571428571
2015-05-06,6.428571428571429
2015-05-07,6.428571428571429
2015-05-08,6.571428571428571
2015-05-09,5.857142857142857
2015-05-10,5.571428571428571
2015-05-11,5.0
2015-05-12,4.857142857142857
2015-05-13,4.0
2015-05-14,4.0
2015-05-15,4.142857142857143
2015-05-16,3.857142857142857
2015-05-17,3.857142857142857
2015-05-18,3.2857142857142856
2015-05-19,4.714285714285714
2015-05-20,5.714285714285714
2015-05-21,7.0
2015-05-22,7.0
2015-05-23,7.142857142857143
2015-05-24,7.142857142857143
2015-05-25,7.428571428571429
2015-05-26,6.857142857142857
2015-05-27,6.714285714285714
2015-05-28,5.571428571428571
2015-05-29,5.857142857142857
2015-05-30,5.857142857142857
2015-05-31,6.0
2015-06-01,6.857142857142857
2015-06-02,8.0
2015-06-03,7.714285714285714
2015-06-04,8.428571428571429
2015-06-05,7.857142857142857
2015-06-06,7.857142857142857
2015-06-07,7.857142857142857
2015-06-08,7.285714285714286
2015-06-09,6.857142857142857
2015-06-10,7.428571428571429
2015-06-11,7.714285714285714
2015-06-12,7.714285714285714
2015-06-13,7.857142857142857
2015-06-14,7.714285714285714
2015-06-15,7.714285714285714
2015-06-16,6.857142857142857
2015-06-17,6.571428571428571
2015-06-18,6.571428571428571
2015-06-19,6.142857142857143
2015-06-20,6.142857142857143
2015-06-21,6.142857142857143
2015-06-22,6.857142857142857
2015-06-23,7.285714285714286
2015-06-24,6.285714285714286
2015-06-25,6.0
2015-06-26,5.857142857142857
2015-06-27,5.714285714285714
2015-06-28,5.714285714285714
2015-06-29,5.285714285714286
2015-06-30,5.0
2015-07-01,5.714285714285714
2015-07-02,5.571428571428571
2015-07-03,5.571428571428571
2015-07-04,5.857142857142857
2015-07-05,5.857142857142857
2015-07-06,5.428571428571429
2015-07-07,6.428571428571429
2015-07-08,7.571428571428571
2015-07-09,7.714285714285714
2015-07-10,8.285714285714286
2015-07-11,8.0
2015-07-13,9.857142857142858
2015-07-14,10.285714285714286
2015-07-15,9.428571428571429
2015-07-16,8.714285714285714
2015-07-17,8.285714285714286
2015-07-18,7.428571428571429
2015-07-19,7.285714285714286
2015-07-20,6.142857142857143
2015-07-21,5.857142857142857
2015-07-22,5.428571428571429
2015-07-23,4.285714285714286
2015-07-24,3.5714285714285716
2015-07-25,3.857142857142857
2015-07-27,4.142857142857143
2015-07-28,3.857142857142857
2015-07-29,3.5714285714285716
2015-07-30,4.0
2015-07-31,5.428571428571429
2015-08-01,5.428571428571429
2015-08-02,5.0
2015-08-03,5.142857142857143
2015-08-04,6.285714285714286
2015-08-05,6.428571428571429
2015-08-06,6.571428571428571
2015-08-07,5.0
2015-08-08,5.571428571428571
2015-08-09,5.857142857142857
2015-08-10,6.142857142857143
2015-08-11,5.285714285714286
2015-08-12,5.714285714285714
2015-08-13,5.571428571428571
2015-08-14,7.142857142857143
2015-08-15,6.571428571428571
2015-08-16,6.571428571428571
2015-08-17,6.857142857142857
2015-08-18,7.0
2015-08-19,6.285714285714286
2015-08-20,5.571428571428571
2015-08-21,5.571428571428571
2015-08-24,6.285714285714286
2015-08-25,6.714285714285714
2015-08-26,6.428571428571429
2015-08-27,6.428571428571429
2015-08-28,7.285714285714286
2015-08-29,7.285714285714286
2015-08-30,6.0
2015-08-31,6.142857142857143
2015-09-01,6.285714285714286
2015-09-02,7.0
2015-09-03,7.142857142857143
2015-09-04,6.714285714285714
2015-09-05,6.714285714285714
2015-09-06,6.428571428571429
2015-09-07,5.857142857142857
2015-09-08,5.714285714285714
2015-09-09,5.142857142857143
2015-09-10,5.571428571428571
2015-09-11,5.857142857142857
2015-09-12,5.714285714285714
2015-09-13,5.857142857142857
2015-09-14,5.571428571428571
2015-09-15,5.285714285714286
2015-09-16,5.714285714285714
2015-09-17,5.285714285714286
2015-09-18,5.285714285714286
2015-09-19,5.571428571428571
2015-09-20,5.428571428571429
2015-09-21,6.571428571428571
2015-09-22,7.0
2015-09-23,7.0
2015-09-24,6.857142857142857
2015-09-25,6.571428571428571
2015-09-26,6.714285714285714
2015-09-27,6.714285714285714
2015-09-28,6.857142857142857
2015-09-29,7.142857142857143
2015-09-30,6.285714285714286
2015-10-01,6.571428571428571
2015-10-02,7.0
2015-10-03,7.428571428571429
2015-10-04,7.857142857142857
2015-10-05,7.571428571428571
2015-10-06,7.714285714285714
2015-10-07,9.0
2015-10-08,10.285714285714286
2015-10-09,9.428571428571429
2015-10-10,8.428571428571429
2015-10-11,8.285714285714286
2015-10-12,7.571428571428571
2015-10-13,6.714285714285714
2015-10-14,5.428571428571429
2015-10-15,4.285714285714286
2015-10-16,4.571428571428571
2015-10-17,4.714285714285714
2015-10-18,4.571428571428571
2015-10-19,5.285714285714286
2015-10-20,5.714285714285714
2015-10-21,6.714285714285714
2015-10-22,6.285714285714286
2015-10-23,7.142857142857143
2015-10-24,7.714285714285714
2015-10-25,8.0
2015-10-26,7.428571428571429
2015-10-27,7.142857142857143
2015-10-28,7.0
2015-10-29,7.571428571428571
2015-10-30,7.0
2015-10-31,6.571428571428571
2015-11-01,6.285714285714286
2015-11-02,6.714285714285714
2015-11-03,6.571428571428571
2015-11-04,6.285714285714286
2015-11-05,5.857142857142857
2015-11-06,5.285714285714286
2015-11-07,5.142857142857143
2015-11-09,6.0
2015-11-10,6.142857142857143
2015-11-11,6.857142857142857
2015-11-12,6.857142857142857
2015-11-13,6.428571428571429
2015-11-14,6.142857142857143
2015-11-15,6.0
2015-11-16,5.571428571428571
2015-11-17,5.428571428571429
2015-11-18,5.571428571428571
2015-11-19,5.428571428571429
2015-11-20,5.428571428571429
2015-11-21,5.285714285714286
2015-11-22,5.428571428571429
2015-11-23,5.285714285714286
2015-11-24,5.571428571428571
2015-11-25,5.571428571428571
2015-11-26,5.857142857142857
2015-11-27,6.714285714285714
2015-11-28,7.0
2015-11-29,6.857142857142857
2015-11-30,7.714285714285714
2015-12-01,8.142857142857142
2015-12-02,7.428571428571429
2015-12-03,7.285714285714286
2015-12-04,6.285714285714286
2015-12-05,6.142857142857143
2015-12-06,6.285714285714286
2015-12-07,5.571428571428571
2015-12-08,4.571428571428571
2015-12-09,4.428571428571429
2015-12-10,3.7142857142857144
2015-12-11,4.0
2015-12-12,4.0
2015-12-14,4.428571428571429
2015-12-15,5.0
2015-12-16,4.714285714285714
2015-12-17,4.714285714285714
2015-12-18,4.857142857142857
2015-12-19,4.142857142857143
2015-12-21,4.571428571428571
2015-12-22,4.714285714285714
2015-12-23,3.857142857142857
2015-12-27,3.857142857142857
2015-12-28,3.4285714285714284
2015-12-29,4.428571428571429
2015-12-30,5.142857142857143
2015-12-31,5.714285714285714
2016-01-02,5.285714285714286
2016-01-03,6.428571428571429
2016-01-04,7.0
2016-01-05,7.857142857142857
2016-01-06,7.142857142857143
2016-01-07,7.142857142857143
2016-01-08,6.571428571428571
2016-01-09,6.285714285714286
2016-01-11,5.714285714285714
2016-01-12,5.714285714285714
2016-01-13,6.0
2016-01-14,5.857142857142857
2016-01-15,6.142857142857143
2016-01-16,5.714285714285714
2016-01-18,6.714285714285714
2016-01-19,6.714285714285714
2016-01-20,6.571428571428571
2016-01-21,6.857142857142857
2016-01-22,7.142857142857143
2016-01-25,6.714285714285714
2016-01-26,7.571428571428571
2016-01-27,7.428571428571429
2016-01-28,6.857142857142857
2016-01-29,6.428571428571429
2016-01-30,5.0
2016-01-31,4.285714285714286
2016-02-01,4.0
2016-02-03,3.2857142857142856
2016-02-04,2.7142857142857144
2016-02-05,2.7142857142857144
2016-02-06,2.7142857142857144
2016-02-08,3.4285714285714284
2016-02-09,4.571428571428571
2016-02-10,5.142857142857143
2016-02-11,5.857142857142857
2016-02-12,6.428571428571429
2016-02-13,6.142857142857143
2016-02-14,5.714285714285714
2016-02-15,5.285714285714286
2016-02-16,5.0
2016-02-17,5.428571428571429
2016-02-18,6.571428571428571
2016-02-19,6.428571428571429
2016-02-20,6.571428571428571
2016-02-22,7.428571428571429
2016-02-23,7.857142857142857
2016-02-24,8.857142857142858
2016-02-25,8.857142857142858
2016-02-26,8.0
2016-02-27,7.714285714285714
2016-02-28,7.857142857142857
2016-02-29,7.857142857142857
2016-03-01,8.285714285714286
2016-03-02,6.571428571428571
2016-03-03,6.857142857142857
2016-03-04,6.857142857142857
2016-03-05,7.285714285714286
2016-03-06,7.0
2016-03-07,7.0
2016-03-08,6.857142857142857
2016-03-09,6.857142857142857
2016-03-10,6.142857142857143
2016-03-11,5.142857142857143
2016-03-12,4.428571428571429
2016-03-13,4.571428571428571
2016-03-14,4.0
2016-03-15,3.4285714285714284
2016-03-16,3.857142857142857
2016-03-17,3.5714285714285716
2016-03-18,4.285714285714286
2016-03-21,5.285714285714286
2016-03-22,6.142857142857143
2016-03-23,6.142857142857143
2016-03-24,7.428571428571429
2016-03-25,7.285714285714286
2016-03-28,7.0
2016-03-29,6.714285714285714
2016-03-30,6.142857142857143
2016-03-31,7.142857142857143
2016-04-01,7.857142857142857
2016-04-02,6.857142857142857
2016-04-04,6.857142857142857
2016-04-05,7.428571428571429
2016-04-06,7.285714285714286
2016-04-07,7.428571428571429
2016-04-08,6.0
2016-04-09,5.285714285714286
2016-04-11,5.142857142857143
2016-04-12,5.142857142857143
2016-04-13,4.714285714285714
2016-04-14,5.0
2016-04-15,4.857142857142857
2016-04-16,4.428571428571429
2016-04-18,4.857142857142857
2016-04-19,5.285714285714286
2016-04-20,5.142857142857143
2016-04-21,5.428571428571429
2016-04-22,5.0
2016-04-23,4.714285714285714
2016-04-24,4.571428571428571
2016-04-25,4.857142857142857
2016-04-26,5.285714285714286
2016-04-27,5.428571428571429
2016-04-28,5.857142857142857
2016-04-29,6.428571428571429
2016-04-30,6.571428571428571
2016-05-02,8.142857142857142
2016-05-03,7.714285714285714
2016-05-04,7.714285714285714
2016-05-05,8.0
2016-05-06,7.571428571428571
2016-05-07,6.714285714285714
2016-05-08,6.285714285714286
2016-05-09,5.571428571428571
2016-05-10,5.571428571428571
2016-05-11,4.428571428571429
2016-05-12,4.714285714285714
2016-05-13,5.285714285714286
2016-05-14,5.142857142857143
2016-05-15,5.428571428571429
2016-05-16,4.857142857142857
2016-05-17,5.0
2016-05-18,5.142857142857143
2016-05-19,5.285714285714286
2016-05-20,4.571428571428571
2016-05-21,4.857142857142857
2016-05-22,4.571428571428571
2016-05-23,4.428571428571429
2016-05-24,5.428571428571429
2016-05-25,6.142857142857143
2016-05-26,6.714285714285714
2016-05-27,8.142857142857142
2016-05-28,8.0
2016-05-29,8.142857142857142
2016-05-30,9.714285714285714
2016-05-31,10.0
2016-06-01,9.571428571428571
2016-06-02,9.142857142857142
2016-06-03,8.571428571428571
2016-06-04,8.857142857142858
2016-06-06,10.142857142857142
2016-06-07,9.571428571428571
2016-06-08,8.714285714285714
2016-06-09,8.428571428571429
2016-06-10,8.142857142857142
2016-06-11,7.571428571428571
2016-06-12,7.285714285714286
2016-06-13,7.142857142857143
2016-06-14,7.714285714285714
2016-06-15,7.714285714285714
2016-06-16,8.0
2016-06-17,7.857142857142857
2016-06-18,7.571428571428571
2016-06-19,7.571428571428571
2016-06-20,7.857142857142857
2016-06-21,7.571428571428571
2016-06-22,7.714285714285714
2016-06-23,8.142857142857142
2016-06-24,7.285714285714286
2016-06-25,7.0
2016-06-26,7.0
2016-06-27,7.142857142857143
2016-06-28,6.714285714285714
2016-06-29,6.857142857142857
2016-06-30,8.285714285714286
2016-07-01,8.857142857142858
2016-07-02,9.285714285714286
2016-07-03,9.428571428571429
2016-07-04,10.142857142857142
2016-07-05,9.857142857142858
2016-07-06,10.0
2016-07-07,8.0
2016-07-08,8.571428571428571
2016-07-09,8.0
2016-07-11,8.571428571428571
2016-07-12,7.857142857142857
2016-07-13,7.857142857142857
2016-07-14,7.714285714285714
2016-07-15,8.142857142857142
2016-07-16,7.428571428571429
2016-07-17,7.285714285714286
2016-07-18,7.142857142857143
2016-07-19,6.285714285714286
2016-07-20,6.714285714285714
2016-07-21,6.285714285714286
2016-07-22,6.428571428571429
2016-07-23,6.142857142857143
2016-07-24,6.142857142857143
2016-07-25,6.142857142857143
2016-07-26,6.428571428571429
2016-07-27,6.428571428571429
2016-07-28,6.571428571428571
2016-07-29,6.0
2016-07-30,5.714285714285714
2016-07-31,5.857142857142857
2016-08-01,5.714285714285714
2016-08-02,6.0
2016-08-03,5.714285714285714
2016-08-04,5.714285714285714
2016-08-05,6.0
2016-08-06,6.0
2016-08-08,7.428571428571429
2016-08-09,7.428571428571429
2016-08-10,6.857142857142857
2016-08-11,6.571428571428571
2016-08-12,6.142857142857143
2016-08-13,5.714285714285714
2016-08-14,5.714285714285714
2016-08-15,5.571428571428571
2016-08-16,6.571428571428571
2016-08-17,6.142857142857143
2016-08-18,6.714285714285714
2016-08-19,7.857142857142857
2016-08-20,7.714285714285714
2016-08-22,8.571428571428571
2016-08-23,8.571428571428571
2016-08-24,7.857142857142857
2016-08-25,8.571428571428571
2016-08-26,8.285714285714286
2016-08-27,7.142857142857143
2016-08-29,7.571428571428571
2016-08-30,7.428571428571429
2016-08-31,7.714285714285714
2016-09-01,7.428571428571429
2016-09-02,7.0
2016-09-03,6.428571428571429
2016-09-04,5.714285714285714
2016-09-06,6.571428571428571
2016-09-07,6.428571428571429
2016-09-08,6.0
2016-09-09,6.714285714285714
2016-09-10,6.285714285714286
2016-09-11,6.0
2016-09-12,7.142857142857143
2016-09-13,7.428571428571429
2016-09-14,7.714285714285714
2016-09-15,6.857142857142857
2016-09-16,6.571428571428571
2016-09-17,6.285714285714286
2016-09-19,7.428571428571429
2016-09-20,7.428571428571429
2016-09-21,6.285714285714286
2016-09-22,6.428571428571429
2016-09-23,6.285714285714286
2016-09-24,5.571428571428571
2016-09-25,5.571428571428571
2016-09-26,5.714285714285714
2016-09-27,5.285714285714286
2016-09-28,5.285714285714286
2016-09-29,5.571428571428571
2016-09-30,6.285714285714286
2016-10-01,6.285714285714286
2016-10-03,7.285714285714286
2016-10-04,7.142857142857143
2016-10-05,7.714285714285714
2016-10-06,7.857142857142857
2016-10-07,8.571428571428571
2016-10-08,7.857142857142857
2016-10-09,7.714285714285714
2016-10-10,7.142857142857143
2016-10-11,7.0
2016-10-12,7.142857142857143
2016-10-13,7.857142857142857
2016-10-14,6.857142857142857
2016-10-15,6.857142857142857
2016-10-16,6.714285714285714
2016-10-17,7.285714285714286
2016-10-18,6.714285714285714
2016-10-19,6.714285714285714
2016-10-20,6.0
2016-10-21,5.857142857142857
2016-10-22,5.714285714285714
2016-10-23,5.714285714285714
2016-10-24,5.857142857142857
2016-10-25,6.285714285714286
2016-10-26,5.285714285714286
2016-10-27,5.428571428571429
2016-10-28,6.0
2016-10-29,6.0
2016-10-31,6.285714285714286
2016-11-01,6.142857142857143
2016-11-02,7.428571428571429
2016-11-03,8.428571428571429
2016-11-04,8.428571428571429
2016-11-05,7.142857142857143
2016-11-07,8.428571428571429
2016-11-08,9.714285714285714
2016-11-09,9.714285714285714
2016-11-10,8.285714285714286
2016-11-11,7.714285714285714
2016-11-12,6.857142857142857
2016-11-13,7.0
2016-11-14,7.142857142857143
2016-11-15,7.285714285714286
2016-11-16,8.142857142857142
2016-11-17,8.0
2016-11-18,8.428571428571429
2016-11-19,8.571428571428571
2016-11-20,8.571428571428571
2016-11-21,8.428571428571429
2016-11-22,7.142857142857143
2016-11-23,5.714285714285714
2016-11-24,6.857142857142857
2016-11-25,6.142857142857143
2016-11-26,6.0
2016-11-27,5.857142857142857
2016-11-28,5.0
2016-11-29,5.285714285714286
2016-11-30,5.0
2016-12-01,5.285714285714286
2016-12-02,5.571428571428571
2016-12-03,5.857142857142857
2016-12-04,5.857142857142857
2016-12-05,7.428571428571429
2016-12-06,7.571428571428571
2016-12-07,8.428571428571429
2016-12-08,6.857142857142857
2016-12-09,7.571428571428571
2016-12-10,7.571428571428571
2016-12-11,7.428571428571429
2016-12-12,6.857142857142857
2016-12-13,6.428571428571429
2016-12-14,6.857142857142857
2016-12-15,7.285714285714286
2016-12-16,7.857142857142857
2016-12-17,8.142857142857142
2016-12-18,8.285714285714286
2016-12-19,8.428571428571429
2016-12-20,8.714285714285714
2016-12-21,8.714285714285714
2016-12-22,9.571428571428571
2016-12-23,7.428571428571429
2016-12-24,7.0
2016-12-26,6.857142857142857
2016-12-27,5.714285714285714
2016-12-28,5.142857142857143
2016-12-29,4.285714285714286
2016-12-30,2.7142857142857144
2016-12-31,2.7142857142857144
2017-01-01,2.4285714285714284
2017-01-02,2.5714285714285716
2017-01-03,2.4285714285714284
2017-01-04,3.4285714285714284
2017-01-05,4.571428571428571
2017-01-06,5.285714285714286
2017-01-07,5.285714285714286
2017-01-08,5.428571428571429
2017-01-09,5.428571428571429
2017-01-10,5.714285714285714
2017-01-11,5.285714285714286
2017-01-12,4.142857142857143
2017-01-14,3.2857142857142856
2017-01-15,3.4285714285714284
2017-01-16,3.857142857142857
2017-01-17,4.857142857142857
2017-01-18,4.857142857142857
2017-01-19,4.714285714285714
2017-01-20,4.714285714285714
2017-01-21,4.714285714285714
2017-01-22,4.571428571428571
2017-01-23,5.285714285714286
2017-01-24,6.285714285714286
2017-01-25,6.285714285714286
2017-01-26,6.285714285714286
2017-01-27,6.142857142857143
2017-01-28,6.142857142857143
2017-01-30,7.0
2017-01-31,6.714285714285714
2017-02-01,5.571428571428571
2017-02-02,6.0
2017-02-03,6.0
2017-02-04,6.0
2017-02-06,7.142857142857143
2017-02-07,7.0
2017-02-08,6.857142857142857
2017-02-09,7.428571428571429
2017-02-10,7.285714285714286
2017-02-12,7.142857142857143
2017-02-13,7.714285714285714
2017-02-14,8.428571428571429
2017-02-15,9.0
2017-02-16,11.0
2017-02-17,10.714285714285714
2017-02-18,9.714285714285714
2017-02-19,9.428571428571429
2017-02-20,9.142857142857142
2017-02-21,8.285714285714286
2017-02-22,7.714285714285714
2017-02-23,5.571428571428571
2017-02-24,5.142857142857143
2017-02-25,5.428571428571429
2017-02-26,5.285714285714286
2017-02-27,4.714285714285714
2017-02-28,4.142857142857143
2017-03-01,4.142857142857143
2017-03-02,4.0
2017-03-03,3.7142857142857144
2017-03-04,3.5714285714285716
2017-03-05,3.5714285714285716
2017-03-06,4.0
2017-03-07,4.428571428571429
2017-03-08,4.142857142857143
2017-03-09,4.142857142857143
2017-03-10,4.142857142857143
2017-03-12,4.0
2017-03-13,4.714285714285714
2017-03-14,6.0
2017-03-15,6.714285714285714
2017-03-16,9.0
2017-03-17,11.714285714285714
2017-03-18,12.0
2017-03-19,12.285714285714286
2017-03-20,12.857142857142858
2017-03-21,11.142857142857142
2017-03-22,10.285714285714286
2017-03-23,8.857142857142858
2017-03-24,6.142857142857143
2017-03-25,5.714285714285714
2017-03-27,6.857142857142857
2017-03-28,6.571428571428571
2017-03-29,7.0
2017-03-30,6.857142857142857
2017-03-31,7.285714285714286
2017-04-01,7.142857142857143
2017-04-03,7.857142857142857
2017-04-04,7.142857142857143
2017-04-05,6.571428571428571
2017-04-06,6.285714285714286
2017-04-07,6.857142857142857
2017-04-10,5.428571428571429
2017-04-11,5.285714285714286
2017-04-12,5.285714285714286
2017-04-13,6.0
2017-04-14,5.857142857142857
2017-04-15,5.571428571428571
2017-04-16,4.428571428571429
2017-04-17,4.285714285714286
2017-04-18,5.714285714285714
2017-04-19,5.857142857142857
2017-04-20,4.857142857142857
2017-04-21,5.571428571428571
2017-04-23,5.571428571428571
2017-04-24,6.571428571428571
2017-04-25,7.142857142857143
2017-04-26,6.571428571428571
2017-04-27,6.571428571428571
2017-04-28,6.714285714285714
2017-04-29,6.142857142857143
2017-04-30,6.142857142857143
2017-05-01,6.142857142857143
2017-05-02,5.714285714285714
2017-05-03,5.571428571428571
2017-05-04,5.428571428571429
2017-05-05,5.714285714285714
2017-05-06,5.714285714285714
2017-05-07,5.857142857142857
2017-05-08,5.714285714285714
2017-05-09,6.714285714285714
2017-05-10,7.0
2017-05-11,6.428571428571429
2017-05-12,6.714285714285714
2017-05-13,6.857142857142857
2017-05-14,7.0
2017-05-15,7.571428571428571
2017-05-16,8.142857142857142
2017-05-17,8.142857142857142
2017-05-18,8.142857142857142
2017-05-19,7.857142857142857
2017-05-20,7.571428571428571
2017-05-21,7.428571428571429
2017-05-22,6.0
2017-05-23,5.142857142857143
2017-05-24,5.142857142857143
2017-05-25,5.571428571428571
2017-05-26,4.857142857142857
2017-05-27,4.571428571428571
2017-05-28,4.714285714285714
2017-05-29,6.714285714285714
2017-05-30,7.142857142857143
2017-05-31,7.142857142857143
2017-06-01,7.714285714285714
2017-06-02,8.0
2017-06-03,8.285714285714286
2017-06-04,8.0
2017-06-05,7.142857142857143
2017-06-06,6.571428571428571
2017-06-07,5.714285714285714
2017-06-08,5.571428571428571
2017-06-09,6.142857142857143
2017-06-10,5.857142857142857
2017-06-11,6.142857142857143
2017-06-12,6.428571428571429
2017-06-13,7.0
2017-06-14,8.142857142857142
2017-06-15,8.0
2017-06-16,8.285714285714286
2017-06-17,8.857142857142858
2017-06-18,8.857142857142858
2017-06-19,8.714285714285714
2017-06-20,8.571428571428571
2017-06-21,7.714285714285714
2017-06-22,7.142857142857143
2017-06-23,6.285714285714286
2017-06-24,6.142857142857143
2017-06-25,6.714285714285714
2017-06-26,6.428571428571429
2017-06-27,6.714285714285714
2017-06-28,7.285714285714286
2017-06-29,8.714285714285714
2017-06-30,8.857142857142858
2017-07-01,9.428571428571429
2017-07-02,9.285714285714286
2017-07-03,8.285714285714286
2017-07-04,8.571428571428571
2017-07-05,8.428571428571429
2017-07-06,7.857142857142857
2017-07-07,8.714285714285714
2017-07-08,7.857142857142857
2017-07-09,7.285714285714286
2017-07-10,8.714285714285714
2017-07-11,7.857142857142857
2017-07-12,8.285714285714286
2017-07-13,8.714285714285714
2017-07-14,9.142857142857142
2017-07-15,9.428571428571429
2017-07-16,9.285714285714286
2017-07-17,8.714285714285714
2017-07-18,9.0
2017-07-19,8.285714285714286
2017-07-20,7.714285714285714
2017-07-21,7.0
2017-07-22,7.0
2017-07-24,7.714285714285714
2017-07-25,8.428571428571429
2017-07-26,7.714285714285714
2017-07-27,7.428571428571429
2017-07-28,7.142857142857143
2017-07-29,6.428571428571429
2017-07-30,6.0
2017-07-31,6.714285714285714
2017-08-01,5.857142857142857
2017-08-02,6.285714285714286
2017-08-03,6.285714285714286
2017-08-04,6.142857142857143
2017-08-05,5.857142857142857
2017-08-07,6.571428571428571
2017-08-08,6.428571428571429
2017-08-09,6.857142857142857
2017-08-10,7.857142857142857
2017-08-11,8.142857142857142
2017-08-12,7.142857142857143
2017-08-13,7.0
2017-08-14,8.428571428571429
2017-08-15,8.0
2017-08-16,8.428571428571429
2017-08-17,6.857142857142857
2017-08-18,7.0
2017-08-19,7.0
2017-08-20,7.142857142857143
2017-08-21,6.857142857142857
2017-08-22,6.857142857142857
2017-08-23,6.285714285714286
2017-08-24,7.428571428571429
2017-08-25,7.857142857142857
2017-08-26,8.0
2017-08-27,7.857142857142857
2017-08-28,7.0
2017-08-29,7.0
2017-08-30,8.142857142857142
2017-08-31,7.571428571428571
2017-09-01,6.857142857142857
2017-09-02,7.142857142857143
2017-09-03,7.571428571428571
2017-09-04,6.714285714285714
2017-09-05,7.714285714285714
2017-09-06,7.142857142857143
2017-09-07,7.142857142857143
2017-09-08,8.428571428571429
2017-09-09,8.428571428571429
2017-09-10,8.0
2017-09-11,9.857142857142858
2017-09-12,9.428571428571429
2017-09-13,9.714285714285714
2017-09-14,9.714285714285714
2017-09-15,8.857142857142858
2017-09-16,8.428571428571429
2017-09-17,8.714285714285714
2017-09-18,7.571428571428571
2017-09-19,6.857142857142857
2017-09-20,6.285714285714286
2017-09-21,7.428571428571429
2017-09-22,6.714285714285714
2017-09-23,7.142857142857143
2017-09-24,7.0
2017-09-25,8.0
2017-09-26,8.0
2017-09-27,7.285714285714286
2017-09-28,6.142857142857143
2017-09-29,7.428571428571429
2017-09-30,7.285714285714286
2017-10-02,7.857142857142857
2017-10-03,6.428571428571429
2017-10-04,8.0
2017-10-05,9.0
2017-10-06,8.714285714285714
2017-10-09,7.142857142857143
2017-10-10,8.0
2017-10-11,8.142857142857142
2017-10-12,9.571428571428571
2017-10-13,9.0
2017-10-14,7.571428571428571
2017-10-15,7.0
2017-10-16,8.428571428571429
2017-10-17,8.285714285714286
2017-10-18,8.428571428571429
2017-10-19,8.285714285714286
2017-10-20,7.714285714285714
2017-10-21,7.714285714285714
2017-10-22,7.571428571428571
2017-10-23,7.714285714285714
2017-10-24,8.0
2017-10-25,8.571428571428571
2017-10-26,8.714285714285714
2017-10-27,9.142857142857142
2017-10-28,9.571428571428571
2017-10-29,9.714285714285714
2017-10-30,8.714285714285714
2017-10-31,8.857142857142858
2017-11-01,8.857142857142858
2017-11-02,8.714285714285714
2017-11-03,10.285714285714286
2017-11-05,9.714285714285714
2017-11-06,10.285714285714286
2017-11-07,10.714285714285714
2017-11-08,10.857142857142858
2017-11-09,10.714285714285714
2017-11-10,10.571428571428571
2017-11-12,7.428571428571429
2017-11-13,8.0
2017-11-14,8.428571428571429
2017-11-15,8.714285714285714
2017-11-16,8.0
2017-11-17,8.285714285714286
2017-11-18,6.857142857142857
2017-11-19,6.857142857142857
2017-11-20,8.0
2017-11-21,7.428571428571429
2017-11-22,6.285714285714286
2017-11-23,7.428571428571429
2017-11-24,6.571428571428571
2017-11-25,6.571428571428571
2017-11-26,6.571428571428571
2017-11-27,6.857142857142857
2017-11-28,7.285714285714286
2017-11-29,7.428571428571429
2017-11-30,6.714285714285714
2017-12-01,6.428571428571429
2017-12-02,6.571428571428571
2017-12-04,7.714285714285714
2017-12-05,6.142857142857143
2017-12-06,5.857142857142857
2017-12-07,6.0
2017-12-08,6.142857142857143
2017-12-09,5.714285714285714
2017-12-10,5.428571428571429
2017-12-11,5.285714285714286
2017-12-12,7.857142857142857
2017-12-13,8.285714285714286
2017-12-14,9.428571428571429
2017-12-15,9.571428571428571
2017-12-16,9.428571428571429
2017-12-17,9.571428571428571
2017-12-18,11.142857142857142
2017-12-19,9.857142857142858
2017-12-20,10.0
2017-12-21,9.714285714285714
2017-12-22,8.857142857142858
2017-12-23,8.857142857142858
2017-12-24,8.857142857142858
2017-12-25,6.571428571428571
2017-12-26,5.142857142857143
2017-12-27,4.714285714285714
2017-12-28,4.0
2017-12-29,3.7142857142857144
2017-12-30,4.0
2017-12-31,4.0
2018-01-02,3.7142857142857144
2018-01-03,4.285714285714286
2018-01-04,4.0
2018-01-05,5.285714285714286
2018-01-06,5.0
2018-01-07,5.0
2018-01-08,6.714285714285714
2018-01-09,10.0
2018-01-10,11.428571428571429
2018-01-11,13.571428571428571
2018-01-12,12.428571428571429
2018-01-13,13.142857142857142
2018-01-14,13.714285714285714
2018-01-15,14.857142857142858
2018-01-16,13.714285714285714
2018-01-17,13.0
2018-01-18,12.142857142857142
2018-01-20,11.714285714285714
2018-01-21,11.0
2018-01-22,11.571428571428571
2018-01-23,9.285714285714286
2018-01-24,8.857142857142858
2018-01-25,8.428571428571429
2018-01-26,7.714285714285714
2018-01-27,7.571428571428571
2018-01-28,7.857142857142857
2018-01-29,7.714285714285714
2018-01-30,8.428571428571429
2018-01-31,8.857142857142858
2018-02-01,8.285714285714286
2018-02-02,8.0
2018-02-03,7.714285714285714
2018-02-04,7.428571428571429
2018-02-05,8.285714285714286
2018-02-06,8.142857142857142
2018-02-07,8.714285714285714
2018-02-08,10.428571428571429
2018-02-09,11.142857142857142
2018-02-10,12.0
2018-02-11,12.142857142857142
2018-02-12,12.0
2018-02-13,12.142857142857142
2018-02-14,10.285714285714286
2018-02-15,9.285714285714286
2018-02-16,9.0
2018-02-17,8.285714285714286
2018-02-18,8.0
2018-02-19,6.285714285714286
2018-02-20,5.571428571428571
2018-02-21,5.285714285714286
2018-02-22,4.714285714285714
2018-02-23,3.7142857142857144
2018-02-24,3.857142857142857
2018-02-25,4.0
2018-02-26,4.714285714285714
2018-02-27,5.142857142857143
2018-02-28,5.142857142857143
2018-03-01,5.142857142857143
2018-03-02,5.0
2018-03-03,5.285714285714286
2018-03-04,5.142857142857143
2018-03-05,5.714285714285714
2018-03-06,5.142857142857143
2018-03-08,5.428571428571429
2018-03-09,5.428571428571429
2018-03-10,5.428571428571429
2018-03-11,4.857142857142857
2018-03-12,5.714285714285714
2018-03-13,4.857142857142857
2018-03-14,5.571428571428571
2018-03-15,7.285714285714286
2018-03-16,7.714285714285714
2018-03-17,7.857142857142857
2018-03-18,8.142857142857142
2018-03-19,8.428571428571429
2018-03-20,8.428571428571429
2018-03-21,7.571428571428571
2018-03-22,5.857142857142857
2018-03-23,5.142857142857143
2018-03-24,4.857142857142857
2018-03-25,4.857142857142857
2018-03-26,4.571428571428571
2018-03-27,5.0
2018-03-28,5.714285714285714
2018-03-29,5.571428571428571
2018-03-30,5.285714285714286
2018-03-31,5.571428571428571
2018-04-01,5.428571428571429
2018-04-03,6.285714285714286
2018-04-04,6.0
2018-04-05,6.714285714285714
2018-04-06,6.857142857142857
2018-04-07,7.142857142857143
2018-04-08,6.857142857142857
2018-04-09,7.0
2018-04-10,6.285714285714286
2018-04-11,5.714285714285714
2018-04-12,4.285714285714286
2018-04-13,4.0
2018-04-14,3.5714285714285716
2018-04-15,3.857142857142857
2018-04-16,4.285714285714286
2018-04-17,4.0
2018-04-18,4.285714285714286
2018-04-19,4.285714285714286
2018-04-20,5.142857142857143
2018-04-21,5.142857142857143
2018-04-22,4.857142857142857
2018-04-23,5.285714285714286
2018-04-24,5.571428571428571
2018-04-25,6.0
2018-04-26,6.428571428571429
2018-04-27,5.857142857142857
2018-04-28,5.857142857142857
2018-04-29,6.0
2018-04-30,5.428571428571429
2018-05-01,5.571428571428571
2018-05-02,5.428571428571429
2018-05-03,5.714285714285714
2018-05-04,6.857142857142857
2018-05-05,7.142857142857143
2018-05-06,7.285714285714286
2018-05-07,7.571428571428571
2018-05-08,7.714285714285714
2018-05-09,8.285714285714286
2018-05-10,8.142857142857142
2018-05-11,7.142857142857143
2018-05-12,7.428571428571429
2018-05-13,7.285714285714286
2018-05-14,6.857142857142857
2018-05-15,6.285714285714286
2018-05-16,6.428571428571429
2018-05-17,6.571428571428571
2018-05-18,6.857142857142857
2018-05-19,6.428571428571429
2018-05-21,6.714285714285714
2018-05-22,7.571428571428571
2018-05-23,8.142857142857142
2018-05-24,8.857142857142858
2018-05-25,9.0
2018-05-26,8.142857142857142
2018-05-27,8.428571428571429
2018-05-28,8.857142857142858
2018-05-29,8.285714285714286
2018-05-30,9.142857142857142
2018-05-31,7.571428571428571
2018-06-01,7.714285714285714
2018-06-02,7.428571428571429
2018-06-03,7.285714285714286
2018-06-04,7.571428571428571
2018-06-05,7.571428571428571
2018-06-06,7.714285714285714
2018-06-07,8.0
2018-06-08,7.428571428571429
2018-06-10,7.285714285714286
2018-06-11,8.0
2018-06-12,9.0
2018-06-13,9.142857142857142
2018-06-14,8.285714285714286
2018-06-15,8.571428571428571
2018-06-16,8.0
2018-06-18,9.0
2018-06-19,10.0
2018-06-20,9.142857142857142
2018-06-21,9.428571428571429
2018-06-22,8.571428571428571
2018-06-23,7.571428571428571
2018-06-25,8.0
2018-06-26,7.714285714285714
2018-06-27,7.142857142857143
2018-06-28,8.285714285714286
2018-06-29,9.857142857142858
2018-06-30,9.428571428571429
2018-07-01,9.571428571428571
2018-07-02,9.142857142857142
2018-07-03,9.428571428571429
2018-07-04,9.0
2018-07-05,7.857142857142857
2018-07-06,6.0
2018-07-07,5.857142857142857
2018-07-08,5.571428571428571
2018-07-09,6.285714285714286
2018-07-10,6.857142857142857
2018-07-11,6.714285714285714
2018-07-12,6.857142857142857
2018-07-13,6.571428571428571
2018-07-14,6.714285714285714
2018-07-16,7.285714285714286
2018-07-17,8.142857142857142
2018-07-18,8.428571428571429
2018-07-19,8.571428571428571
2018-07-20,8.142857142857142
2018-07-21,8.285714285714286
2018-07-22,8.285714285714286
2018-07-23,8.571428571428571
2018-07-24,8.285714285714286
2018-07-25,7.857142857142857
2018-07-26,7.285714285714286
2018-07-27,7.0
2018-07-29,6.428571428571429
2018-07-30,6.857142857142857
2018-07-31,7.285714285714286
2018-08-01,7.0
2018-08-02,6.142857142857143
2018-08-03,6.428571428571429
2018-08-04,6.428571428571429
2018-08-05,6.428571428571429
2018-08-06,6.285714285714286
2018-08-07,6.0
2018-08-08,6.428571428571429
2018-08-09,6.428571428571429
2018-08-10,7.285714285714286
2018-08-11,6.857142857142857
2018-08-12,6.857142857142857
2018-08-13,8.0
2018-08-14,8.571428571428571
2018-08-15,8.0
2018-08-16,8.571428571428571
2018-08-17,8.0
2018-08-18,8.428571428571429
2018-08-19,8.285714285714286
2018-08-20,7.571428571428571
2018-08-21,6.857142857142857
2018-08-22,7.142857142857143
2018-08-23,6.714285714285714
2018-08-24,7.142857142857143
2018-08-25,6.714285714285714
2018-08-26,6.857142857142857
2018-08-27,6.857142857142857
2018-08-28,7.428571428571429
2018-08-29,8.0
2018-08-30,8.142857142857142
2018-08-31,8.285714285714286
2018-09-01,8.285714285714286
2018-09-02,8.428571428571429
2018-09-03,7.714285714285714
2018-09-04,8.142857142857142
2018-09-05,8.142857142857142
2018-09-06,8.857142857142858
2018-09-07,8.428571428571429
2018-09-08,8.285714285714286
2018-09-09,8.0
2018-09-10,9.571428571428571
2018-09-11,9.285714285714286
2018-09-12,8.142857142857142
2018-09-13,7.857142857142857
2018-09-14,7.571428571428571
2018-09-15,7.428571428571429
2018-09-17,8.714285714285714
2018-09-18,9.571428571428571
2018-09-19,8.285714285714286
2018-09-20,9.714285714285714
2018-09-21,9.428571428571429
2018-09-22,9.0
2018-09-23,9.142857142857142
2018-09-24,10.142857142857142
2018-09-25,9.571428571428571
2018-09-26,10.428571428571429
2018-09-27,9.571428571428571
2018-09-28,9.857142857142858
2018-09-29,10.142857142857142
2018-09-30,10.428571428571429
2018-10-01,8.857142857142858
2018-10-02,8.142857142857142
2018-10-03,7.428571428571429
2018-10-04,7.714285714285714
2018-10-05,7.571428571428571
2018-10-06,7.428571428571429
2018-10-08,7.142857142857143
2018-10-09,8.571428571428571
2018-10-10,7.571428571428571
2018-10-11,9.285714285714286
2018-10-12,8.285714285714286
2018-10-13,7.142857142857143
2018-10-14,6.571428571428571
2018-10-15,8.285714285714286
2018-10-16,7.0
2018-10-17,7.714285714285714
2018-10-18,6.571428571428571
2018-10-19,8.142857142857142
2018-10-20,8.285714285714286
2018-10-22,10.0
2018-10-23,9.285714285714286
2018-10-24,9.571428571428571
2018-10-25,10.285714285714286
2018-10-26,11.0
2018-10-27,9.142857142857142
2018-10-28,9.0
2018-10-29,9.285714285714286
2018-10-30,8.857142857142858
2018-10-31,8.0
2018-11-01,7.714285714285714
2018-11-02,7.428571428571429
2018-11-03,7.857142857142857
2018-11-04,8.714285714285714
2018-11-05,7.857142857142857
2018-11-06,8.428571428571429
2018-11-07,10.0
2018-11-08,9.857142857142858
2018-11-09,9.0
2018-11-10,8.714285714285714
2018-11-12,8.714285714285714
2018-11-13,9.285714285714286
2018-11-14,8.714285714285714
2018-11-15,8.0
2018-11-16,9.428571428571429
2018-11-18,9.142857142857142
2018-11-19,10.0
2018-11-20,11.571428571428571
2018-11-21,11.428571428571429
2018-11-22,12.571428571428571
2018-11-23,12.857142857142858
2018-11-24,10.428571428571429
2018-11-25,10.0
2018-11-26,10.142857142857142
2018-11-27,9.571428571428571
2018-11-28,9.142857142857142
2018-11-29,9.285714285714286
2018-11-30,8.571428571428571
2018-12-01,8.285714285714286
2018-12-02,8.285714285714286
2018-12-03,7.285714285714286
2018-12-04,6.0
2018-12-05,6.0
2018-12-06,5.142857142857143
2018-12-07,5.285714285714286
2018-12-08,5.428571428571429
2018-12-09,5.428571428571429
2018-12-10,6.857142857142857
2018-12-11,7.857142857142857
2018-12-12,7.714285714285714
2018-12-13,7.714285714285714
2018-12-14,8.142857142857142
2018-12-15,8.428571428571429
2018-12-17,9.428571428571429
2018-12-18,8.0
2018-12-19,7.714285714285714
2018-12-20,8.285714285714286
2018-12-21,7.714285714285714
2018-12-23,6.571428571428571
2018-12-26,6.142857142857143
2018-12-27,5.571428571428571
2018-12-28,5.571428571428571
2018-12-29,4.428571428571429
2018-12-30,2.857142857142857
2018-12-31,2.4285714285714284
2019-01-02,2.4285714285714284
2019-01-03,3.5714285714285716
2019-01-04,3.4285714285714284
2019-01-05,2.857142857142857
2019-01-06,2.857142857142857
2019-01-07,3.7142857142857144
2019-01-08,3.857142857142857
2019-01-09,4.285714285714286
2019-01-10,5.142857142857143
2019-01-11,6.0
2019-01-12,6.285714285714286
2019-01-13,6.142857142857143
2019-01-14,6.571428571428571
2019-01-15,6.857142857142857
2019-01-16,7.571428571428571
2019-01-17,6.285714285714286
2019-01-18,6.571428571428571
2019-01-19,6.571428571428571
2019-01-20,6.714285714285714
2019-01-21,7.714285714285714
2019-01-22,9.714285714285714
2019-01-23,10.142857142857142
2019-01-24,11.714285714285714
2019-01-25,12.0
2019-01-26,12.285714285714286
2019-01-27,12.428571428571429
2019-01-28,10.714285714285714
2019-01-29,8.571428571428571
2019-01-30,8.142857142857142
2019-01-31,7.571428571428571
2019-02-01,7.142857142857143
2019-02-02,6.857142857142857
2019-02-03,7.0
2019-02-04,6.857142857142857
2019-02-05,7.285714285714286
2019-02-06,6.142857142857143
2019-02-07,6.142857142857143
2019-02-08,6.0
2019-02-09,5.857142857142857
2019-02-10,5.571428571428571
2019-02-11,6.285714285714286
2019-02-12,6.0
2019-02-13,7.428571428571429
2019-02-14,7.857142857142857
2019-02-15,9.714285714285714
2019-02-16,10.428571428571429
2019-02-17,10.571428571428571
2019-02-18,10.857142857142858
2019-02-19,11.714285714285714
2019-02-20,10.571428571428571
2019-02-21,9.571428571428571
2019-02-22,7.285714285714286
2019-02-23,6.714285714285714
2019-02-24,6.714285714285714
2019-02-25,6.285714285714286
2019-02-26,5.571428571428571
2019-02-27,5.571428571428571
2019-02-28,5.285714285714286
2019-03-01,6.142857142857143
2019-03-02,6.428571428571429
2019-03-04,6.857142857142857
2019-03-05,7.285714285714286
2019-03-06,6.857142857142857
2019-03-07,7.285714285714286
2019-03-08,6.857142857142857
2019-03-09,5.571428571428571
2019-03-10,5.142857142857143
2019-03-11,5.571428571428571
2019-03-12,5.428571428571429
2019-03-13,7.571428571428571
2019-03-14,7.857142857142857
2019-03-15,8.285714285714286
2019-03-16,8.142857142857142
2019-03-18,8.857142857142858
2019-03-19,8.714285714285714
2019-03-20,8.571428571428571
2019-03-21,6.571428571428571
2019-03-22,6.142857142857143
2019-03-23,5.428571428571429
2019-03-24,5.285714285714286
2019-03-25,5.142857142857143
2019-03-26,5.857142857142857
2019-03-27,5.142857142857143
2019-03-28,5.428571428571429
2019-03-29,6.0
2019-03-31,5.857142857142857
2019-04-01,7.0
2019-04-02,6.714285714285714
2019-04-03,6.0
2019-04-04,6.285714285714286
2019-04-05,6.428571428571429
2019-04-06,5.428571428571429
2019-04-08,6.571428571428571
2019-04-09,7.428571428571429
2019-04-10,9.285714285714286
2019-04-11,9.285714285714286
2019-04-12,9.142857142857142
2019-04-14,8.428571428571429
2019-04-15,8.857142857142858
2019-04-16,8.428571428571429
2019-04-17,7.428571428571429
2019-04-18,6.428571428571429
2019-04-19,6.142857142857143
2019-04-20,5.857142857142857
2019-04-22,6.142857142857143
2019-04-23,6.285714285714286
2019-04-24,6.714285714285714
2019-04-25,7.0
2019-04-26,6.714285714285714
2019-04-27,6.0
2019-04-28,5.857142857142857
2019-04-29,6.0
2019-04-30,6.285714285714286
2019-05-01,6.285714285714286
2019-05-02,6.142857142857143
2019-05-03,6.0
2019-05-04,6.0
2019-05-05,6.0
2019-05-06,7.285714285714286
2019-05-07,6.142857142857143
2019-05-08,5.571428571428571
2019-05-09,5.428571428571429
2019-05-10,5.857142857142857
2019-05-12,6.0
2019-05-13,6.714285714285714
2019-05-14,6.714285714285714
2019-05-15,7.0
2019-05-16,7.428571428571429
2019-05-17,8.428571428571429
2019-05-18,7.428571428571429
2019-05-19,7.285714285714286
2019-05-20,6.428571428571429
2019-05-21,5.857142857142857
2019-05-22,7.428571428571429
2019-05-23,7.714285714285714
2019-05-24,7.0
2019-05-25,6.857142857142857
2019-05-26,7.142857142857143
2019-05-27,8.857142857142858
2019-05-28,8.857142857142858
2019-05-29,8.0
2019-05-30,8.142857142857142
2019-05-31,8.142857142857142
2019-06-01,8.571428571428571
2019-06-02,8.428571428571429
2019-06-03,7.428571428571429
2019-06-04,8.0
2019-06-05,8.714285714285714
2019-06-06,8.428571428571429
2019-06-07,8.0
2019-06-08,7.857142857142857
2019-06-10,9.571428571428571
2019-06-11,10.428571428571429
2019-06-12,10.142857142857142
2019-06-13,9.857142857142858
2019-06-14,9.142857142857142
2019-06-15,8.571428571428571
2019-06-16,8.571428571428571
2019-06-17,8.285714285714286
2019-06-18,8.571428571428571
2019-06-19,9.0
2019-06-20,9.571428571428571
2019-06-21,10.0
2019-06-22,10.0
2019-06-23,9.714285714285714
2019-06-24,8.285714285714286
2019-06-25,7.0
2019-06-26,6.0
2019-06-27,6.142857142857143
2019-06-28,6.428571428571429
2019-06-29,6.857142857142857
2019-06-30,7.142857142857143
2019-07-01,7.571428571428571
2019-07-02,9.428571428571429
2019-07-03,9.857142857142858
2019-07-04,9.142857142857142
2019-07-05,8.857142857142858
2019-07-06,8.571428571428571
2019-07-07,8.571428571428571
2019-07-08,8.571428571428571
2019-07-09,7.142857142857143
2019-07-10,6.428571428571429
2019-07-11,6.428571428571429
2019-07-12,6.285714285714286
2019-07-13,6.428571428571429
2019-07-14,6.285714285714286
2019-07-15,7.285714285714286
2019-07-16,6.571428571428571
2019-07-17,6.428571428571429
2019-07-18,6.285714285714286
2019-07-19,6.571428571428571
2019-07-20,6.0
2019-07-21,6.142857142857143
2019-07-22,4.714285714285714
2019-07-23,5.714285714285714
2019-07-24,5.428571428571429
2019-07-25,4.571428571428571
2019-07-26,4.142857142857143
2019-07-27,4.571428571428571
2019-07-29,5.285714285714286
2019-07-30,5.857142857142857
2019-07-31,5.571428571428571
2019-08-01,6.0
2019-08-02,6.857142857142857
2019-08-03,6.285714285714286
2019-08-04,5.857142857142857
2019-08-05,5.142857142857143
2019-08-06,5.285714285714286
2019-08-07,5.428571428571429
2019-08-08,5.0
2019-08-09,4.571428571428571
2019-08-10,4.714285714285714
2019-08-11,4.714285714285714
2019-08-12,5.428571428571429
2019-08-13,5.571428571428571
2019-08-14,5.857142857142857
2019-08-15,7.0
2019-08-16,7.285714285714286
2019-08-17,8.0
2019-08-19,8.428571428571429
2019-08-20,8.714285714285714
2019-08-21,8.142857142857142
2019-08-22,7.714285714285714
2019-08-23,7.714285714285714
2019-08-24,7.0
2019-08-25,6.428571428571429
2019-08-26,7.857142857142857
2019-08-27,8.857142857142858
2019-08-28,9.571428571428571
2019-08-29,10.142857142857142
2019-08-30,9.714285714285714
2019-08-31,9.571428571428571
2019-09-01,9.571428571428571
2019-09-02,7.714285714285714
2019-09-03,6.714285714285714
2019-09-04,7.571428571428571
2019-09-05,7.285714285714286
2019-09-06,7.285714285714286
2019-09-07,7.142857142857143
2019-09-08,7.142857142857143
2019-09-09,8.285714285714286
2019-09-10,8.142857142857142
2019-09-11,7.428571428571429
2019-09-12,7.428571428571429
2019-09-13,8.142857142857142
2019-09-14,8.285714285714286
2019-09-15,8.0
2019-09-16,7.571428571428571
2019-09-17,7.571428571428571
2019-09-18,7.857142857142857
2019-09-19,8.285714285714286
2019-09-20,7.571428571428571
2019-09-21,7.857142857142857
2019-09-22,7.857142857142857
2019-09-23,8.285714285714286
2019-09-24,9.571428571428571
2019-09-25,9.142857142857142
2019-09-26,8.857142857142858
2019-09-27,9.285714285714286
2019-09-28,8.857142857142858
2019-09-29,9.142857142857142
2019-09-30,8.571428571428571
2019-10-01,7.142857142857143
2019-10-02,6.714285714285714
2019-10-03,6.285714285714286
2019-10-04,6.428571428571429
2019-10-05,6.857142857142857
2019-10-06,6.571428571428571
2019-10-07,6.714285714285714
2019-10-08,6.714285714285714
2019-10-09,7.714285714285714
2019-10-10,7.714285714285714
2019-10-11,7.857142857142857
2019-10-12,7.428571428571429
2019-10-13,7.714285714285714
2019-10-14,7.142857142857143
2019-10-15,7.857142857142857
2019-10-16,6.714285714285714
2019-10-17,8.0
2019-10-18,7.428571428571429
2019-10-19,7.428571428571429
2019-10-20,7.142857142857143
2019-10-21,7.857142857142857
2019-10-22,7.285714285714286
2019-10-23,7.857142857142857
2019-10-24,6.285714285714286
2019-10-25,6.428571428571429
2019-10-26,6.571428571428571
2019-10-27,6.714285714285714
2019-10-28,7.428571428571429
2019-10-29,7.428571428571429
2019-10-30,7.571428571428571
2019-10-31,7.714285714285714
2019-11-01,7.285714285714286
2019-11-02,7.428571428571429
2019-11-03,7.285714285714286
2019-11-04,6.142857142857143
2019-11-05,6.142857142857143
2019-11-06,5.857142857142857
2019-11-07,6.571428571428571
2019-11-08,6.142857142857143
2019-11-09,6.428571428571429
2019-11-10,6.428571428571429
2019-11-11,7.428571428571429
2019-11-12,7.571428571428571
2019-11-13,8.285714285714286
2019-11-14,7.857142857142857
2019-11-15,9.142857142857142
2019-11-16,9.428571428571429
2019-11-17,9.428571428571429
2019-11-18,8.428571428571429
2019-11-19,8.285714285714286
2019-11-20,7.571428571428571
2019-11-21,7.428571428571429
2019-11-22,6.285714285714286
2019-11-23,5.285714285714286
2019-11-25,6.857142857142857
2019-11-26,7.285714285714286
2019-11-27,7.142857142857143
2019-11-28,7.142857142857143
2019-11-29,7.142857142857143
2019-11-30,7.0
2019-12-02,8.428571428571429
2019-12-03,7.714285714285714
2019-12-04,7.714285714285714
2019-12-05,8.428571428571429
2019-12-06,8.142857142857142
2019-12-07,7.285714285714286
2019-12-08,7.0
2019-12-09,6.714285714285714
2019-12-10,7.142857142857143
2019-12-11,7.285714285714286
2019-12-12,6.428571428571429
2019-12-13,6.285714285714286
2019-12-14,6.285714285714286
2019-12-15,6.142857142857143
2019-12-16,5.428571428571429
2019-12-17,4.428571428571429
2019-12-18,4.571428571428571
2019-12-19,4.428571428571429
2019-12-20,4.571428571428571
2019-12-21,4.714285714285714
2019-12-22,4.714285714285714
2019-12-23,5.0
2019-12-24,5.285714285714286
2019-12-26,4.285714285714286
2019-12-27,5.571428571428571
2019-12-28,4.857142857142857
2019-12-29,4.714285714285714
2019-12-30,5.0
2019-12-31,4.571428571428571
2020-01-03,5.0
2020-01-04,4.857142857142857
2020-01-05,2.7142857142857144
2020-01-06,3.4285714285714284
2020-01-07,3.857142857142857
2020-01-08,4.142857142857143
2020-01-09,4.714285714285714
2020-01-10,4.428571428571429
2020-01-11,4.714285714285714
2020-01-13,6.0
2020-01-14,6.571428571428571
2020-01-15,6.571428571428571
2020-01-16,7.285714285714286
2020-01-17,7.142857142857143
2020-01-18,6.571428571428571
2020-01-19,6.428571428571429
2020-01-20,6.428571428571429
2020-01-21,6.142857142857143
2020-01-22,5.857142857142857
2020-01-23,4.857142857142857
2020-01-24,4.857142857142857
2020-01-25,5.0
2020-01-26,4.857142857142857
2020-01-27,4.571428571428571
2020-01-28,4.285714285714286
2020-01-29,4.428571428571429
2020-01-30,4.571428571428571
2020-01-31,5.142857142857143
2020-02-01,5.285714285714286
2020-02-03,5.571428571428571
2020-02-04,5.0
2020-02-05,4.714285714285714
2020-02-06,6.142857142857143
2020-02-07,7.571428571428571
2020-02-08,6.857142857142857
2020-02-09,6.571428571428571
2020-02-10,8.714285714285714
2020-02-11,10.714285714285714
2020-02-12,12.285714285714286
2020-02-13,12.571428571428571
2020-02-14,12.0
2020-02-15,11.714285714285714
2020-02-16,11.714285714285714
2020-02-17,10.285714285714286
2020-02-18,9.428571428571429
2020-02-19,9.0
2020-02-20,7.857142857142857
2020-02-21,7.571428571428571
2020-02-22,7.428571428571429
2020-02-23,7.285714285714286
2020-02-24,6.571428571428571
2020-02-25,6.0
2020-02-26,4.571428571428571
2020-02-27,4.714285714285714
2020-02-28,6.142857142857143
2020-02-29,6.0
2020-03-02,7.0
2020-03-03,7.428571428571429
2020-03-04,7.285714285714286
2020-03-05,7.571428571428571
2020-03-06,6.857142857142857
2020-03-08,4.428571428571429
2020-03-09,4.571428571428571
2020-03-10,4.142857142857143
2020-03-11,3.7142857142857144
2020-03-12,3.4285714285714284
2020-03-13,3.4285714285714284
2020-03-14,3.0
2020-03-15,3.0
2020-03-16,3.142857142857143
2020-03-17,2.857142857142857
2020-03-18,2.7142857142857144
2020-03-19,2.5714285714285716
2020-03-20,2.5714285714285716
2020-03-21,2.7142857142857144
2020-03-23,2.857142857142857
2020-03-24,2.7142857142857144
2020-03-25,2.4285714285714284
2020-03-26,2.2857142857142856
2020-03-27,2.0
2020-03-28,1.5714285714285714
2020-04-01,1.4285714285714286
2020-04-02,1.2857142857142858
2020-04-03,1.1428571428571428
2020-04-05,1.1428571428571428
2020-04-06,1.1428571428571428
2020-04-10,1.0
2020-04-11,1.1428571428571428
2020-04-14,1.1428571428571428
2020-04-15,1.1428571428571428
2020-04-17,1.5714285714285714
2020-04-18,1.7142857142857142
2020-04-20,1.7142857142857142
2020-04-21,2.0
2020-04-22,2.4285714285714284
2020-04-23,2.4285714285714284
2020-04-24,2.4285714285714284
2020-04-27,2.0
2020-04-28,2.142857142857143
2020-04-29,2.2857142857142856
2020-04-30,2.4285714285714284
2020-05-01,2.0
2020-05-02,2.0
2020-05-04,2.142857142857143
2020-05-05,2.142857142857143
2020-05-06,2.142857142857143
2020-05-08,2.2857142857142856
2020-05-09,1.8571428571428572
2020-05-11,2.142857142857143
2020-05-12,2.142857142857143
2020-05-13,2.5714285714285716
2020-05-14,2.857142857142857
2020-05-15,2.7142857142857144
2020-05-19,2.857142857142857
2020-05-20,3.857142857142857
2020-05-21,3.7142857142857144
2020-05-22,3.857142857142857
2020-05-25,3.5714285714285716
2020-05-26,4.0
2020-05-27,4.714285714285714
2020-05-28,4.857142857142857
2020-05-29,4.285714285714286
2020-05-30,4.142857142857143
2020-05-31,4.0
2020-06-01,4.0
2020-06-02,4.0
2020-06-03,3.5714285714285716
2020-06-04,3.4285714285714284
2020-06-05,3.857142857142857
2020-06-06,4.142857142857143
2020-06-07,4.285714285714286
2020-06-08,4.571428571428571
2020-06-09,4.857142857142857
2020-06-10,5.285714285714286
2020-06-11,6.285714285714286
2020-06-12,6.285714285714286
2020-06-13,6.0
2020-06-14,6.0
2020-06-15,5.571428571428571
2020-06-16,5.142857142857143
2020-06-17,5.0
2020-06-18,5.142857142857143
2020-06-19,4.857142857142857
2020-06-20,4.714285714285714
2020-06-22,5.142857142857143
2020-06-23,6.0
2020-06-25,7.0
2020-06-26,6.428571428571429
2020-06-27,4.857142857142857
2020-06-28,4.428571428571429
2020-06-29,5.285714285714286
2020-06-30,5.857142857142857
2020-07-01,5.428571428571429
2020-07-02,4.571428571428571
2020-07-03,4.571428571428571
2020-07-04,4.714285714285714
2020-07-05,4.571428571428571
2020-07-06,4.428571428571429
2020-07-07,4.857142857142857
2020-07-08,4.571428571428571
2020-07-09,4.571428571428571
2020-07-10,5.428571428571429
2020-07-12,5.428571428571429
2020-07-13,6.285714285714286
2020-07-14,7.142857142857143
2020-07-15,6.285714285714286
2020-07-16,7.0
2020-07-17,6.285714285714286
2020-07-18,5.285714285714286
2020-07-19,5.142857142857143
2020-07-20,4.857142857142857
2020-07-21,4.285714285714286
2020-07-22,4.714285714285714
2020-07-23,4.428571428571429
2020-07-24,5.428571428571429
2020-07-25,5.428571428571429
2020-07-26,5.571428571428571
2020-07-27,5.571428571428571
2020-07-28,5.0
2020-07-29,4.285714285714286
2020-07-30,4.0
2020-07-31,3.4285714285714284
2020-08-01,3.4285714285714284
2020-08-02,3.2857142857142856
2020-08-03,3.7142857142857144
2020-08-04,4.428571428571429
2020-08-05,5.0
2020-08-06,5.142857142857143
2020-08-07,5.428571428571429
2020-08-08,5.428571428571429
2020-08-09,5.857142857142857
2020-08-10,5.428571428571429
2020-08-11,5.285714285714286
2020-08-12,4.571428571428571
2020-08-13,5.0
2020-08-14,5.571428571428571
2020-08-15,5.571428571428571
2020-08-16,5.285714285714286
2020-08-17,4.857142857142857
2020-08-18,4.428571428571429
2020-08-19,4.571428571428571
2020-08-20,4.142857142857143
2020-08-21,3.2857142857142856
2020-08-22,3.5714285714285716
2020-08-23,3.4285714285714284
2020-08-24,4.571428571428571
2020-08-25,5.0
2020-08-26,6.0
2020-08-27,5.571428571428571
2020-08-28,5.714285714285714
2020-08-29,6.0
2020-08-31,7.142857142857143
2020-09-01,6.571428571428571
2020-09-02,6.571428571428571
2020-09-03,6.285714285714286
2020-09-04,7.285714285714286
2020-09-05,6.857142857142857
2020-09-08,7.142857142857143
2020-09-09,6.857142857142857
2020-09-10,7.142857142857143
2020-09-11,7.428571428571429
2020-09-12,6.428571428571429
2020-09-13,5.285714285714286
2020-09-14,5.571428571428571
2020-09-15,5.857142857142857
2020-09-16,5.857142857142857
2020-09-17,5.857142857142857
2020-09-18,5.714285714285714
2020-09-19,6.0
2020-09-20,6.142857142857143
2020-09-21,6.285714285714286
2020-09-22,5.428571428571429
2020-09-23,5.0
2020-09-24,4.714285714285714
2020-09-25,4.857142857142857
2020-09-26,4.571428571428571
2020-09-27,4.571428571428571
2020-09-28,4.714285714285714
2020-09-29,5.428571428571429
2020-09-30,5.714285714285714
2020-10-01,5.714285714285714
2020-10-02,4.714285714285714
2020-10-03,4.714285714285714
2020-10-04,4.714285714285714
2020-10-05,4.571428571428571
2020-10-06,4.285714285714286
2020-10-07,4.285714285714286
2020-10-08,4.0
2020-10-09,4.714285714285714
2020-10-12,4.571428571428571
2020-10-13,5.571428571428571
2020-10-14,6.142857142857143
2020-10-15,7.0
2020-10-16,7.714285714285714
2020-10-17,7.428571428571429
2020-10-19,7.428571428571429
2020-10-20,8.285714285714286
2020-10-21,7.857142857142857
2020-10-22,7.571428571428571
2020-10-23,7.0
2020-10-24,5.857142857142857
2020-10-25,5.714285714285714
2020-10-26,5.142857142857143
2020-10-27,5.571428571428571
2020-10-28,5.428571428571429
2020-10-29,5.285714285714286
2020-10-30,5.714285714285714
2020-10-31,5.571428571428571
2020-11-01,5.571428571428571
2020-11-02,6.428571428571429
2020-11-03,5.714285714285714
2020-11-04,5.714285714285714
2020-11-05,6.142857142857143
2020-11-06,5.285714285714286
2020-11-07,5.142857142857143
2020-11-09,6.0
2020-11-10,5.857142857142857
2020-11-11,5.857142857142857
2020-11-12,5.571428571428571
2020-11-13,5.285714285714286
2020-11-14,4.714285714285714
2020-11-15,4.714285714285714
2020-11-16,5.428571428571429
2020-11-17,4.857142857142857
2020-11-18,4.714285714285714
2020-11-19,5.142857142857143
2020-11-20,5.285714285714286
2020-11-21,5.285714285714286
2020-11-22,5.714285714285714
2020-11-23,5.0
2020-11-24,5.714285714285714
2020-11-25,7.0
2020-11-26,7.285714285714286
2020-11-27,6.714285714285714
2020-11-28,6.857142857142857
2020-11-29,6.714285714285714
2020-11-30,6.285714285714286
2020-12-01,6.142857142857143
2020-12-02,4.857142857142857
2020-12-03,4.714285714285714
2020-12-04,5.285714285714286
2020-12-05,5.571428571428571
2020-12-06,5.428571428571429
2020-12-07,5.428571428571429
2020-12-08,4.571428571428571
2020-12-09,5.285714285714286
2020-12-10,4.714285714285714
2020-12-11,4.285714285714286
2020-12-14,4.714285714285714
2020-12-15,5.571428571428571
2020-12-16,5.714285714285714
2020-12-17,5.857142857142857
2020-12-18,5.142857142857143
2020-12-19,4.857142857142857
2020-12-20,4.285714285714286
2020-12-21,4.285714285714286
2020-12-22,3.5714285714285716
2020-12-23,3.2857142857142856
2020-12-24,3.2857142857142856
2020-12-28,2.857142857142857
2020-12-29,3.142857142857143
2020-12-30,3.5714285714285716
2020-12-31,3.0
